frame,bottom_left_x,bottom_left_y,top_right_x,top_right_y
1,1057,182,1096,107
2,1056,183,1095,108
3,1055,184,1094,108
4,1054,186,1094,109
5,1053,187,1093,109
6,1052,188,1092,110
7,1051,189,1091,111
8,1050,190,1090,111
9,1049,192,1090,112
10,1048,193,1089,112
11,1047,194,1088,113
12,1046,195,1087,114
13,1045,195,1086,114
14,1045,196,1086,115
15,1044,196,1085,115
16,1043,197,1084,116
17,1042,198,1083,117
18,1041,198,1082,117
19,1041,199,1082,118
20,1040,199,1081,118
21,1039,200,1080,119
22,1038,202,1079,120
23,1036,203,1078,121
24,1035,204,1077,122
25,1033,206,1076,123
26,1032,208,1076,124
27,1031,209,1075,125
28,1029,210,1074,126
29,1028,212,1073,127
30,1026,214,1072,128
31,1025,215,1071,129
32,1024,217,1070,131
33,1022,219,1068,133
34,1021,221,1067,135
35,1020,223,1065,137
36,1018,225,1064,139
37,1017,227,1063,141
38,1016,229,1061,143
39,1015,231,1060,145
40,1013,233,1058,147
41,1012,235,1057,149
42,1010,238,1055,151
43,1008,240,1054,153
44,1006,243,1052,155
45,1004,246,1051,157
46,1002,248,1049,160
47,1000,251,1047,162
48,998,254,1046,164
49,996,257,1044,166
50,994,259,1043,168
51,992,262,1041,170
52,990,264,1039,172
53,988,266,1037,174
54,986,269,1035,177
55,984,271,1033,179
56,982,273,1030,181
57,979,275,1028,183
58,977,277,1026,185
59,975,280,1024,188
60,973,282,1022,190
61,971,284,1020,192
62,969,287,1018,194
63,967,290,1016,196
64,965,293,1014,198
65,963,296,1012,200
66,961,300,1010,202
67,959,303,1008,205
68,957,306,1006,207
69,955,309,1004,209
70,953,312,1002,211
71,951,315,1000,213
72,950,318,999,215
73,948,320,999,218
74,947,323,998,220
75,945,325,998,223
76,944,328,997,225
77,943,331,996,227
78,941,333,996,230
79,940,336,995,232
80,938,338,995,235
81,937,341,994,237
82,939,343,995,239
83,941,345,997,241
84,942,347,998,242
85,944,349,1000,244
86,946,350,1001,246
87,948,352,1002,248
88,950,354,1004,250
89,951,356,1005,251
90,953,358,1007,253
91,955,360,1008,255
92,955,362,1008,256
93,955,364,1009,258
94,954,365,1009,259
95,954,367,1010,260
96,954,369,1010,262
97,954,371,1010,263
98,954,373,1011,264
99,953,374,1011,265
100,953,376,1012,267
101,953,378,1012,268
102,952,380,1011,270
103,952,382,1011,271
104,951,383,1010,273
105,951,385,1010,274
106,950,387,1009,276
107,949,389,1008,278
108,949,391,1008,279
109,948,392,1007,281
110,948,394,1007,282
111,947,396,1006,284
112,946,398,1005,286
113,945,400,1004,287
114,944,402,1004,289
115,943,404,1003,290
116,942,406,1002,292
117,941,409,1001,294
118,940,411,1000,295
119,939,413,1000,297
120,938,415,999,298
121,937,417,998,300
122,936,419,997,302
123,935,421,996,303
124,933,424,996,304
125,932,426,995,306
126,931,428,994,308
127,930,430,993,309
128,929,432,992,310
129,927,435,992,312
130,926,437,991,314
131,925,439,990,315
132,924,441,989,317
133,922,444,987,319
134,920,446,986,322
135,919,448,984,324
136,918,450,983,326
137,916,453,982,328
138,914,455,980,330
139,913,457,979,333
140,912,460,977,335
141,910,462,976,337
142,908,465,975,339
143,907,468,973,341
144,905,470,972,343
145,904,473,971,345
146,902,476,970,348
147,900,479,968,350
148,899,482,967,352
149,897,484,966,354
150,896,487,964,356
151,894,490,963,358
152,894,492,962,360
153,893,495,962,362
154,893,497,961,364
155,892,499,961,366
156,892,502,960,368
157,892,504,959,370
158,891,506,959,372
159,891,508,958,374
160,890,511,958,376
161,890,513,957,378
162,888,516,956,381
163,887,519,955,383
164,885,521,954,386
165,884,524,953,388
166,882,527,952,391
167,880,530,951,394
168,879,533,950,396
169,877,535,949,399
170,876,538,948,401
171,874,541,947,404
172,874,543,947,406
173,873,545,946,407
174,872,547,946,409
175,872,549,945,411
176,872,550,945,412
177,871,552,945,414
178,870,554,944,416
179,870,556,944,418
180,870,558,943,419
181,869,560,943,421
182,871,560,945,421
183,873,560,947,421
184,875,561,950,421
185,877,561,952,421
186,878,561,954,421
187,880,561,956,421
188,882,561,958,421
189,884,562,961,421
190,886,562,963,421
191,888,562,965,421
192,890,562,966,420
193,892,562,968,420
194,893,562,969,419
195,895,562,970,419
196,897,562,972,418
197,899,562,973,417
198,901,562,974,417
199,902,562,975,416
200,904,562,977,416
201,906,562,978,415
202,903,561,976,415
203,900,561,973,415
204,896,560,970,414
205,893,559,968,414
206,890,558,966,414
207,887,558,963,414
208,884,557,960,414
209,880,556,958,413
210,877,556,956,413
211,874,555,953,413
212,871,553,950,411
213,867,551,947,409
214,864,550,945,407
215,861,548,942,405
216,858,546,939,404
217,854,544,936,402
218,851,542,933,400
219,848,541,931,398
220,844,539,928,396
221,841,537,925,394
222,841,535,926,392
223,842,533,927,390
224,842,530,929,388
225,843,528,930,386
226,843,526,931,384
227,843,524,932,382
228,844,522,933,380
229,844,519,935,378
230,845,517,936,376
231,845,515,937,374
232,849,514,941,373
233,854,513,946,372
234,858,512,950,371
235,862,511,954,370
236,866,510,958,369
237,871,509,963,368
238,875,508,967,367
239,879,507,971,366
240,884,506,976,365
241,888,505,980,364
242,891,505,983,364
243,894,504,987,363
244,898,504,990,363
245,901,504,994,362
246,904,504,997,362
247,907,503,1000,362
248,910,503,1004,361
249,914,503,1007,361
250,917,502,1011,360
251,920,502,1014,360
252,920,501,1014,360
253,920,500,1015,360
254,921,500,1015,360
255,921,499,1016,360
256,921,498,1016,360
257,921,497,1016,360
258,921,496,1017,360
259,922,496,1017,360
260,922,495,1018,360
261,922,494,1018,360
262,922,493,1019,360
263,923,493,1019,359
264,923,492,1020,358
265,923,492,1021,358
266,924,491,1022,358
267,924,490,1022,357
268,924,490,1023,356
269,924,489,1024,356
270,925,489,1024,356
271,925,488,1025,355
272,926,488,1027,355
273,927,488,1028,354
274,928,487,1030,354
275,929,487,1031,353
276,930,487,1033,353
277,931,487,1035,353
278,932,487,1036,352
279,933,486,1038,352
280,934,486,1039,351
281,935,486,1041,351
282,938,486,1043,352
283,940,486,1046,352
284,943,487,1048,353
285,945,487,1051,354
286,948,487,1053,354
287,951,487,1055,355
288,953,487,1058,356
289,956,488,1060,357
290,958,488,1063,357
291,961,488,1065,358
292,964,488,1068,359
293,966,488,1070,359
294,968,489,1072,360
295,971,489,1075,360
296,974,489,1078,361
297,976,489,1080,362
298,978,489,1082,362
299,981,490,1085,363
300,984,490,1088,363
301,986,490,1090,364
302,985,490,1090,364
303,984,490,1090,365
304,984,491,1089,365
305,983,491,1089,366
306,982,491,1089,366
307,981,491,1089,366
308,980,491,1089,367
309,980,492,1088,367
310,979,492,1088,368
311,978,492,1088,368
312,976,493,1087,369
313,975,494,1086,370
314,974,494,1086,372
315,972,495,1085,373
316,970,496,1084,374
317,969,497,1083,375
318,968,498,1082,376
319,966,498,1082,378
320,964,499,1081,379
321,963,500,1080,380
322,962,500,1079,380
323,961,500,1078,380
324,961,500,1077,381
325,960,500,1076,381
326,959,500,1074,381
327,958,500,1073,381
328,957,500,1072,381
329,957,500,1071,382
330,956,500,1070,382
331,955,500,1069,382
332,958,501,1072,383
333,961,502,1074,384
334,964,503,1077,384
335,967,504,1080,385
336,970,504,1082,386
337,972,505,1085,387
338,975,506,1088,388
339,978,507,1091,388
340,981,508,1093,389
341,984,509,1096,390
342,990,511,1102,392
343,995,513,1108,394
344,1000,515,1114,396
345,1006,517,1120,398
346,1012,519,1126,400
347,1017,521,1133,401
348,1022,523,1139,403
349,1028,525,1145,405
350,1034,527,1151,407
351,1039,529,1157,409
352,1042,531,1160,410
353,1045,532,1163,412
354,1048,534,1166,413
355,1051,535,1169,415
356,1054,537,1172,416
357,1057,539,1174,417
358,1060,540,1177,419
359,1063,542,1180,420
360,1066,543,1183,422
361,1069,545,1186,423
362,1066,547,1182,425
363,1063,549,1179,426
364,1060,551,1176,428
365,1057,553,1172,429
366,1054,554,1168,431
367,1051,556,1165,433
368,1048,558,1162,434
369,1045,560,1158,436
370,1042,562,1154,437
371,1039,564,1151,439
372,1035,565,1147,440
373,1031,566,1143,441
374,1027,566,1139,443
375,1023,567,1135,444
376,1020,568,1132,445
377,1016,569,1128,446
378,1012,570,1124,447
379,1008,570,1120,449
380,1004,571,1116,450
381,1000,572,1112,451
382,1004,573,1116,452
383,1007,575,1119,454
384,1010,576,1123,456
385,1014,578,1127,457
386,1018,579,1130,458
387,1021,580,1134,460
388,1024,582,1138,462
389,1028,583,1142,463
390,1032,585,1145,464
391,1035,586,1149,466
392,1041,587,1155,467
393,1047,588,1162,468
394,1053,588,1168,468
395,1059,589,1174,469
396,1066,590,1180,470
397,1072,591,1187,471
398,1078,592,1193,472
399,1084,592,1199,472
400,1090,593,1206,473
401,1096,594,1212,474
402,1095,595,1211,475
403,1094,595,1210,475
404,1092,596,1210,476
405,1091,596,1209,476
406,1090,597,1208,477
407,1089,598,1207,478
408,1088,598,1206,478
409,1086,599,1206,479
410,1085,599,1205,479
411,1084,600,1204,480
412,1078,600,1198,480
413,1072,600,1193,480
414,1066,600,1187,479
415,1060,600,1181,479
416,1054,600,1176,479
417,1049,600,1170,479
418,1043,600,1164,479
419,1037,600,1158,478
420,1031,600,1153,478
421,1025,600,1147,478
422,1018,598,1140,477
423,1011,596,1134,475
424,1005,595,1127,474
425,998,593,1120,472
426,991,591,1114,471
427,984,589,1107,470
428,977,587,1100,468
429,971,586,1093,467
430,964,584,1087,465
431,957,582,1080,464
432,950,581,1073,463
433,944,581,1066,462
434,937,580,1060,461
435,930,580,1053,460
436,924,579,1046,458
437,917,578,1039,457
438,910,578,1032,456
439,903,577,1026,455
440,897,577,1019,454
441,890,576,1012,453
442,886,577,1009,454
443,883,578,1005,455
444,880,578,1002,456
445,876,579,998,457
446,872,580,995,458
447,869,581,992,458
448,866,582,988,459
449,862,582,985,460
450,858,583,981,461
451,855,584,978,462
452,852,585,976,463
453,850,586,973,464
454,847,587,971,465
455,845,588,969,466
456,842,589,966,467
457,839,590,964,468
458,837,591,962,469
459,834,592,960,470
460,832,593,957,471
461,829,594,955,472
462,826,594,953,473
463,824,594,951,473
464,822,595,948,474
465,819,595,946,474
466,816,595,944,475
467,814,595,942,476
468,812,595,940,476
469,809,596,937,477
470,806,596,935,477
471,804,596,933,478
472,803,597,930,478
473,802,597,928,478
474,801,598,926,478
475,800,598,923,478
476,799,599,920,478
477,798,600,918,478
478,797,600,916,478
479,796,601,913,478
480,795,601,910,478
481,794,602,908,478
482,793,602,908,478
483,793,602,907,478
484,792,602,907,479
485,792,602,906,479
486,791,602,906,479
487,790,602,906,479
488,790,602,905,479
489,789,602,905,480
490,789,602,904,480
491,788,602,904,480
492,788,602,904,480
493,788,602,904,480
494,787,601,905,479
495,787,601,905,479
496,787,601,905,479
497,787,601,905,479
498,787,601,905,479
499,786,600,906,478
500,786,600,906,478
501,786,600,906,478
502,787,600,907,478
503,788,600,907,479
504,788,600,908,479
505,789,600,908,480
506,790,600,909,480
507,791,600,910,480
508,792,600,910,481
509,792,600,911,481
510,793,600,911,482
511,794,600,912,482
512,796,600,914,482
513,798,601,915,482
514,800,601,917,482
515,802,602,919,482
516,804,602,920,482
517,806,602,922,482
518,808,603,924,482
519,810,603,926,482
520,812,604,927,482
521,814,604,929,482
522,817,604,932,482
523,820,604,934,482
524,823,604,937,483
525,826,604,939,483
526,828,604,942,483
527,831,605,945,483
528,834,605,947,483
529,837,605,950,484
530,840,605,952,484
531,843,605,955,484
532,846,606,958,485
533,849,606,961,486
534,852,607,964,486
535,855,607,967,487
536,858,608,970,488
537,861,609,972,489
538,864,609,975,490
539,867,610,978,490
540,870,610,981,491
541,873,611,984,492
542,876,612,987,492
543,878,612,990,493
544,880,613,992,493
545,883,613,995,494
546,886,614,998,494
547,888,615,1001,494
548,890,615,1004,495
549,893,616,1006,495
550,896,616,1009,496
551,898,617,1012,496
552,900,618,1013,497
553,902,618,1014,498
554,904,619,1015,498
555,906,619,1016,499
556,908,620,1017,500
557,910,621,1018,501
558,912,621,1019,502
559,914,622,1020,502
560,916,622,1021,503
561,918,623,1022,504
562,920,623,1024,504
563,921,624,1026,504
564,923,624,1028,504
565,925,625,1030,504
566,926,625,1032,504
567,928,625,1035,505
568,930,626,1037,505
569,932,626,1039,505
570,933,627,1041,505
571,935,627,1043,505
572,937,627,1044,505
573,938,627,1046,505
574,940,628,1047,506
575,941,628,1049,506
576,943,628,1050,506
577,945,628,1051,506
578,946,628,1053,506
579,948,629,1054,507
580,949,629,1056,507
581,951,629,1057,507
582,953,629,1059,507
583,954,629,1060,507
584,956,629,1062,506
585,957,629,1063,506
586,959,629,1065,506
587,961,629,1067,506
588,962,629,1068,506
589,964,629,1070,505
590,965,629,1071,505
591,967,629,1073,505
592,969,629,1075,505
593,971,629,1077,506
594,973,628,1079,506
595,975,628,1081,507
596,978,628,1082,507
597,980,628,1084,507
598,982,628,1086,508
599,984,627,1088,508
600,986,627,1090,509
601,988,627,1092,509
602,988,626,1091,508
603,987,626,1091,507
604,987,625,1090,506
605,986,625,1090,505
606,986,624,1089,504
607,986,623,1088,502
608,985,623,1088,501
609,985,622,1087,500
610,984,622,1087,499
611,984,621,1086,498
612,981,620,1083,498
613,979,619,1080,498
614,976,619,1077,497
615,973,618,1074,497
616,970,617,1072,497
617,968,616,1069,497
618,965,615,1066,497
619,962,615,1063,496
620,960,614,1060,496
621,957,613,1057,496
622,956,613,1055,496
623,954,614,1053,496
624,953,614,1052,495
625,951,615,1050,495
626,950,615,1048,495
627,949,615,1046,495
628,947,616,1044,495
629,946,616,1043,494
630,944,617,1041,494
631,943,617,1039,494
632,943,617,1039,494
633,943,618,1039,494
634,942,618,1039,495
635,942,619,1039,495
636,942,619,1039,495
637,942,619,1039,495
638,942,620,1039,495
639,941,620,1039,496
640,941,621,1039,496
641,941,621,1039,496
642,940,622,1037,497
643,938,622,1036,498
644,937,623,1034,498
645,935,623,1032,499
646,934,624,1030,500
647,933,625,1029,501
648,931,625,1027,502
649,930,626,1025,502
650,928,626,1024,503
651,927,627,1022,504
652,925,628,1020,505
653,924,628,1019,505
654,922,629,1017,506
655,920,629,1016,507
656,918,630,1014,508
657,917,631,1012,508
658,915,631,1011,509
659,913,632,1009,510
660,912,632,1008,510
661,910,633,1006,511
662,909,634,1005,512
663,908,634,1004,512
664,906,635,1002,513
665,905,635,1001,513
666,904,636,1000,514
667,903,637,999,515
668,902,637,998,515
669,900,638,996,516
670,899,638,995,516
671,898,639,994,517
672,897,639,993,517
673,897,639,992,517
674,896,640,990,518
675,896,640,989,518
676,895,640,988,518
677,894,640,987,518
678,894,640,986,518
679,893,641,984,519
680,893,641,983,519
681,892,641,982,519
682,892,640,982,518
683,893,640,982,518
684,893,639,982,517
685,894,639,982,517
686,894,638,982,516
687,894,637,982,515
688,895,637,982,515
689,895,636,982,514
690,896,636,982,514
691,896,635,982,513
692,896,635,982,513
693,896,635,982,513
694,896,635,983,512
695,896,635,983,512
696,896,635,983,512
697,896,635,983,512
698,896,635,983,512
699,896,635,984,511
700,896,635,984,511
701,896,635,984,511
702,897,634,985,510
703,898,634,985,510
704,899,633,986,509
705,900,633,986,509
706,901,632,987,508
707,902,631,988,507
708,903,631,988,507
709,904,630,989,506
710,905,630,989,506
711,906,629,990,505
712,906,628,991,504
713,906,627,992,504
714,907,626,993,504
715,907,625,994,503
716,907,624,995,502
717,907,623,996,502
718,907,622,997,502
719,908,621,998,501
720,908,620,999,500
721,908,619,1000,500
722,909,619,1001,499
723,910,618,1001,498
724,910,618,1002,498
725,911,617,1002,497
726,912,617,1003,496
727,913,617,1004,495
728,914,616,1004,494
729,914,616,1005,494
730,915,615,1005,493
731,916,615,1006,492
732,917,614,1006,492
733,917,614,1007,492
734,918,613,1007,491
735,918,613,1008,491
736,919,612,1008,491
737,920,611,1008,491
738,920,611,1009,491
739,921,610,1009,490
740,921,610,1010,490
741,922,609,1010,490
742,921,609,1009,489
743,920,608,1007,489
744,920,608,1006,488
745,919,607,1004,488
746,918,607,1003,487
747,917,607,1002,486
748,916,606,1000,486
749,916,606,999,485
750,915,605,997,485
751,914,605,996,484
752,912,605,994,484
753,909,605,992,484
754,907,605,989,483
755,904,605,987,483
756,902,605,985,483
757,900,605,983,483
758,897,605,981,483
759,895,605,978,482
760,892,605,976,482
761,890,605,974,482
762,889,605,973,482
763,888,605,972,482
764,886,605,971,481
765,885,605,970,481
766,884,604,968,481
767,883,604,967,481
768,882,604,966,481
769,880,604,965,480
770,879,604,964,480
771,878,604,963,480
772,879,604,964,480
773,879,603,965,480
774,880,603,965,479
775,880,602,966,479
776,881,602,967,479
777,882,602,968,479
778,882,601,969,479
779,883,601,969,478
780,883,600,970,478
781,884,600,971,478
782,885,600,972,478
783,886,600,972,478
784,886,601,973,477
785,887,601,974,477
786,888,601,974,477
787,889,601,975,477
788,890,601,976,477
789,890,602,977,476
790,891,602,977,476
791,892,602,978,476
792,893,602,979,475
793,894,601,980,474
794,894,601,981,474
795,895,600,982,473
796,896,600,983,472
797,897,600,984,471
798,898,599,985,470
799,898,599,986,470
800,899,598,987,469
801,900,598,988,468
802,901,597,988,468
803,902,597,988,469
804,902,596,988,469
805,903,596,988,470
806,904,595,988,470
807,905,594,988,470
808,906,594,988,471
809,906,593,988,471
810,907,593,988,472
811,908,592,988,472
812,908,592,989,472
813,909,592,989,471
814,909,592,990,471
815,910,592,990,470
816,910,592,991,470
817,910,592,992,470
818,911,592,992,469
819,911,592,993,469
820,912,592,993,468
821,912,592,994,468
822,912,592,994,468
823,912,592,995,468
824,911,592,995,467
825,911,592,996,467
826,911,592,996,467
827,911,592,996,467
828,911,592,997,467
829,910,592,997,466
830,910,592,998,466
831,910,592,998,466
832,910,592,998,466
833,911,592,998,466
834,911,593,999,467
835,912,593,999,467
836,912,593,999,467
837,912,593,999,467
838,913,593,999,467
839,913,594,1000,468
840,914,594,1000,468
841,914,594,1000,468
842,914,594,1001,468
843,914,594,1001,468
844,915,595,1002,469
845,915,595,1002,469
846,915,595,1003,469
847,915,595,1004,469
848,915,595,1004,469
849,916,596,1005,470
850,916,596,1005,470
851,916,596,1006,470
852,916,596,1007,470
853,916,596,1007,470
854,916,595,1008,471
855,916,595,1008,471
856,916,595,1009,471
857,916,595,1010,471
858,916,595,1010,471
859,916,594,1011,472
860,916,594,1011,472
861,916,594,1012,472
862,916,594,1012,472
863,917,595,1012,472
864,917,595,1012,471
865,918,596,1012,471
866,918,596,1012,471
867,918,596,1012,471
868,919,597,1012,471
869,919,597,1012,470
870,920,598,1012,470
871,920,598,1012,470
872,920,599,1012,470
873,920,599,1012,470
874,920,600,1011,471
875,920,600,1011,471
876,920,601,1011,471
877,920,602,1011,471
878,920,602,1011,471
879,920,603,1010,472
880,920,603,1010,472
881,920,604,1010,472
882,920,604,1010,472
883,920,605,1010,473
884,919,605,1010,473
885,919,605,1010,474
886,919,606,1010,474
887,919,606,1010,474
888,919,606,1010,475
889,918,606,1010,475
890,918,607,1010,476
891,918,607,1010,476
892,917,607,1010,477
893,917,608,1010,478
894,916,608,1009,479
895,916,609,1009,480
896,915,609,1009,481
897,914,609,1009,482
898,914,610,1009,483
899,913,610,1008,484
900,913,611,1008,485
901,912,611,1008,486
902,911,612,1007,486
903,911,613,1006,486
904,910,613,1006,485
905,910,614,1005,485
906,909,615,1004,485
907,908,616,1003,485
908,908,617,1002,485
909,907,617,1002,484
910,907,618,1001,484
911,906,619,1000,484
912,906,619,1000,485
913,906,620,1000,485
914,906,620,1001,486
915,906,621,1001,486
916,906,621,1001,487
917,906,621,1001,488
918,906,622,1001,488
919,906,622,1002,489
920,906,623,1002,489
921,906,623,1002,490
922,906,624,1001,490
923,905,624,1000,491
924,905,625,1000,491
925,904,625,999,492
926,904,626,998,492
927,904,627,997,492
928,903,627,996,493
929,903,628,996,493
930,902,628,995,494
931,902,629,994,494
932,901,629,994,494
933,900,629,994,495
934,900,630,994,495
935,899,630,994,496
936,898,630,994,496
937,897,630,994,496
938,896,630,994,497
939,896,631,994,497
940,895,631,994,498
941,894,631,994,498
942,893,631,993,498
943,891,631,992,498
944,890,632,990,498
945,888,632,989,498
946,887,632,988,498
947,886,632,987,498
948,884,632,986,498
949,883,633,984,498
950,881,633,983,498
951,880,633,982,498
952,879,633,980,498
953,877,634,979,498
954,876,634,978,499
955,875,635,976,499
956,874,635,974,499
957,872,635,973,499
958,871,636,972,499
959,870,636,970,500
960,868,637,968,500
961,867,637,967,500
962,866,637,966,500
963,865,637,965,500
964,863,637,964,501
965,862,637,963,501
966,861,637,962,501
967,860,637,961,501
968,859,637,960,501
969,857,637,959,502
970,856,637,958,502
971,855,637,957,502
972,853,637,955,502
973,851,637,953,502
974,849,638,952,503
975,847,638,950,503
976,845,638,948,503
977,843,638,946,503
978,841,638,944,503
979,839,639,943,504
980,837,639,941,504
981,835,639,939,504
982,834,639,938,504
983,834,639,937,504
984,833,640,937,503
985,833,640,936,503
986,832,640,935,503
987,831,640,934,503
988,831,640,933,503
989,830,641,933,502
990,830,641,932,502
991,829,641,931,502
992,828,641,930,502
993,828,641,930,502
994,827,640,929,502
995,826,640,929,502
996,826,640,928,502
997,825,640,927,502
998,824,640,927,502
999,823,639,926,502
1000,823,639,926,502
1001,822,639,925,502
1002,822,639,924,502
1003,821,639,924,501
1004,821,638,923,501
1005,820,638,922,500
1006,820,638,922,500
1007,820,638,921,500
1008,819,638,920,499
1009,819,637,919,499
1010,818,637,919,498
1011,818,637,918,498
1012,818,637,917,498
1013,817,636,917,497
1014,817,636,916,497
1015,816,635,916,496
1016,816,635,915,496
1017,816,635,914,496
1018,815,634,914,495
1019,815,634,913,495
1020,814,633,913,494
1021,814,633,912,494
1022,815,632,913,493
1023,816,632,914,493
1024,817,631,914,492
1025,818,631,915,492
1026,820,630,916,491
1027,821,629,917,490
1028,822,629,918,490
1029,823,628,918,489
1030,824,628,919,489
1031,825,627,920,488
1032,827,627,922,488
1033,829,627,925,488
1034,831,626,927,487
1035,833,626,929,487
1036,835,626,932,487
1037,837,626,934,487
1038,839,626,936,487
1039,841,625,938,486
1040,843,625,941,486
1041,845,625,943,486
1042,845,625,944,486
1043,846,625,945,485
1044,846,624,945,485
1045,847,624,946,484
1046,847,624,947,484
1047,847,624,948,484
1048,848,624,949,483
1049,848,623,949,483
1050,849,623,950,482
1051,849,623,951,482
1052,850,623,951,482
1053,850,622,952,481
1054,851,622,952,481
1055,851,621,953,480
1056,852,621,953,480
1057,853,621,953,480
1058,853,620,954,479
1059,854,620,954,479
1060,854,619,955,478
1061,855,619,955,478
1062,856,619,956,478
1063,857,619,957,478
1064,859,619,959,479
1065,860,619,960,479
1066,861,619,961,479
1067,862,619,962,479
1068,863,619,963,479
1069,865,619,965,480
1070,866,619,966,480
1071,867,619,967,480
1072,868,619,968,480
1073,869,619,968,479
1074,870,620,969,479
1075,871,620,970,478
1076,872,620,970,478
1077,872,620,971,478
1078,873,620,972,477
1079,874,621,973,477
1080,875,621,973,476
1081,876,621,974,476
1082,877,621,975,476
1083,878,620,976,476
1084,879,620,977,475
1085,880,619,978,475
1086,881,619,979,475
1087,882,619,980,475
1088,883,618,981,475
1089,884,618,982,474
1090,885,617,983,474
1091,886,617,984,474
1092,887,617,985,474
1093,889,617,986,474
1094,890,617,987,473
1095,892,617,988,473
1096,893,617,989,473
1097,894,617,990,473
1098,896,617,991,473
1099,897,617,992,472
1100,899,617,993,472
1101,900,617,994,472
1102,901,617,995,472
1103,902,617,997,472
1104,902,617,998,472
1105,903,617,1000,472
1106,904,617,1001,472
1107,905,617,1002,472
1108,906,617,1004,472
1109,906,617,1005,472
1110,907,617,1007,472
1111,908,617,1008,472
1112,908,617,1009,472
1113,909,617,1010,472
1114,909,616,1011,471
1115,910,616,1012,471
1116,910,616,1013,471
1117,910,616,1014,471
1118,911,616,1015,471
1119,911,615,1016,470
1120,912,615,1017,470
1121,912,615,1018,470
1122,913,615,1018,470
1123,914,615,1019,470
1124,915,616,1019,470
1125,916,616,1020,470
1126,918,616,1020,470
1127,919,616,1020,470
1128,920,616,1021,470
1129,921,617,1021,470
1130,922,617,1022,470
1131,923,617,1022,470
1132,923,617,1022,470
1133,923,618,1023,471
1134,923,618,1024,471
1135,923,619,1024,472
1136,922,619,1024,472
1137,922,619,1025,472
1138,922,620,1026,473
1139,922,620,1026,473
1140,922,621,1026,474
1141,922,621,1027,474
1142,922,622,1026,475
1143,921,622,1026,475
1144,921,623,1025,476
1145,920,623,1024,476
1146,920,624,1024,477
1147,920,625,1023,478
1148,919,625,1022,478
1149,919,626,1021,479
1150,918,626,1021,479
1151,918,627,1020,480
1152,917,628,1019,480
1153,916,628,1018,480
1154,915,629,1018,481
1155,914,629,1017,481
1156,913,630,1016,481
1157,912,631,1015,481
1158,911,631,1014,481
1159,910,632,1014,482
1160,909,632,1013,482
1161,908,633,1012,482
1162,907,634,1011,482
1163,905,634,1009,483
1164,904,635,1008,483
1165,902,635,1006,484
1166,901,636,1005,484
1167,900,637,1004,484
1168,898,637,1002,485
1169,897,638,1001,485
1170,895,638,999,486
1171,894,639,998,486
1172,892,639,997,487
1173,890,640,996,488
1174,888,640,994,488
1175,886,641,993,489
1176,884,641,992,490
1177,881,641,991,491
1178,879,642,990,492
1179,877,642,988,492
1180,875,643,987,493
1181,873,643,986,494
1182,871,644,984,494
1183,869,644,982,494
1184,868,645,980,494
1185,866,645,978,494
1186,864,646,976,494
1187,862,647,975,494
1188,860,647,973,494
1189,859,648,971,494
1190,857,648,969,494
1191,855,649,967,494
1192,853,649,965,494
1193,851,649,963,494
1194,850,649,962,495
1195,848,649,960,495
1196,846,649,958,495
1197,844,649,956,495
1198,842,649,954,495
1199,841,649,953,496
1200,839,649,951,496
1201,837,649,949,496
1202,836,649,948,496
1203,835,650,947,496
1204,835,650,945,496
1205,834,651,944,496
1206,833,651,943,496
1207,832,651,942,496
1208,831,652,941,496
1209,831,652,939,496
1210,830,653,938,496
1211,829,653,937,496
1212,829,652,937,496
1213,828,652,936,495
1214,828,651,936,495
1215,827,651,935,494
1216,827,650,935,494
1217,827,649,935,494
1218,826,649,934,493
1219,826,648,934,493
1220,825,648,933,492
1221,825,647,933,492
1222,824,646,933,491
1223,824,645,933,490
1224,824,645,932,490
1225,823,644,932,489
1226,822,643,932,488
1227,822,642,932,487
1228,822,641,932,486
1229,821,641,931,486
1230,820,640,931,485
1231,820,639,931,484
1232,821,638,931,483
1233,821,637,931,482
1234,822,635,931,480
1235,823,634,931,479
1236,824,633,931,478
1237,824,632,931,477
1238,825,631,931,476
1239,826,629,931,474
1240,826,628,931,473
1241,827,627,931,472
1242,827,626,932,471
1243,827,625,932,470
1244,828,623,933,468
1245,828,622,933,467
1246,828,621,934,466
1247,828,620,935,465
1248,828,619,935,464
1249,829,617,936,462
1250,829,616,936,461
1251,829,615,937,460
1252,830,613,937,458
1253,830,612,938,457
1254,831,610,938,456
1255,831,608,939,454
1256,832,606,939,452
1257,833,605,939,451
1258,833,603,940,450
1259,834,601,940,448
1260,834,600,941,446
1261,835,598,941,445
1262,835,597,942,444
1263,836,596,943,443
1264,836,595,943,441
1265,837,594,944,440
1266,837,593,945,439
1267,837,592,946,438
1268,838,591,947,437
1269,838,590,947,435
1270,839,589,948,434
1271,839,588,949,433
1272,839,587,950,432
1273,840,586,950,431
1274,840,584,951,429
1275,841,583,951,428
1276,841,582,952,427
1277,841,581,953,426
1278,842,580,953,425
1279,842,578,954,423
1280,843,577,954,422
1281,843,576,955,421
1282,844,575,956,420
1283,845,574,957,419
1284,847,572,957,417
1285,848,571,958,416
1286,849,570,959,415
1287,850,569,960,414
1288,851,568,961,413
1289,853,566,961,411
1290,854,565,962,410
1291,855,564,963,409
1292,856,563,964,408
1293,856,562,965,407
1294,857,561,966,406
1295,857,560,967,405
1296,858,560,968,404
1297,859,559,970,402
1298,859,558,971,401
1299,860,557,972,400
1300,860,556,973,399
1301,861,555,974,398
1302,862,554,975,397
1303,864,553,976,396
1304,866,553,978,395
1305,867,552,979,394
1306,868,551,980,393
1307,870,550,981,392
1308,872,549,982,391
1309,873,549,984,390
1310,874,548,985,389
1311,876,547,986,388
1312,878,547,987,388
1313,879,546,989,388
1314,881,546,990,388
1315,882,545,992,388
1316,884,545,993,388
1317,886,545,994,388
1318,887,544,996,388
1319,889,544,997,388
1320,890,543,999,388
1321,892,543,1000,388
1322,893,543,1002,388
1323,894,544,1003,389
1324,896,544,1005,389
1325,897,545,1006,390
1326,898,545,1008,390
1327,899,545,1010,390
1328,900,546,1011,391
1329,902,546,1013,391
1330,903,547,1014,392
1331,904,547,1016,392
1332,905,548,1017,393
1333,905,549,1017,393
1334,906,549,1018,394
1335,906,550,1019,394
1336,907,551,1020,395
1337,908,552,1020,396
1338,908,553,1021,396
1339,909,553,1022,397
1340,909,554,1022,397
1341,910,555,1023,398
1342,910,555,1023,399
1343,910,556,1023,399
1344,909,556,1024,400
1345,909,556,1024,401
1346,909,556,1024,402
1347,909,557,1024,402
1348,909,557,1024,403
1349,908,557,1025,404
1350,908,558,1025,404
1351,908,558,1025,405
1352,908,559,1025,406
1353,907,560,1025,407
1354,907,560,1024,407
1355,906,561,1024,408
1356,906,562,1024,409
1357,906,563,1024,410
1358,905,564,1024,411
1359,905,564,1023,411
1360,904,565,1023,412
1361,904,566,1023,413
1362,903,567,1022,414
1363,902,568,1021,415
1364,901,570,1020,416
1365,900,571,1019,417
1366,899,572,1018,418
1367,898,573,1016,419
1368,897,574,1015,420
1369,896,576,1014,421
1370,895,577,1013,422
1371,894,578,1012,423
1372,893,579,1011,424
1373,891,580,1010,425
1374,890,580,1008,425
1375,888,581,1007,426
1376,887,582,1006,427
1377,886,583,1005,428
1378,884,584,1004,429
1379,883,584,1002,429
1380,881,585,1001,430
1381,880,586,1000,431
1382,878,587,999,432
1383,877,588,997,433
1384,876,590,996,434
1385,874,591,994,435
1386,872,592,993,436
1387,871,593,992,437
1388,870,594,990,438
1389,868,596,989,439
1390,866,597,987,440
1391,865,598,986,441
1392,863,598,984,441
1393,862,599,982,441
1394,860,599,980,441
1395,859,600,978,441
1396,857,600,976,441
1397,855,600,975,441
1398,854,601,973,441
1399,852,601,971,441
1400,851,602,969,441
1401,849,602,967,441
1402,848,602,966,441
1403,848,602,965,442
1404,847,603,965,442
1405,847,603,964,443
1406,846,603,963,443
1407,845,603,962,443
1408,845,603,961,444
1409,844,604,961,444
1410,844,604,960,445
1411,843,604,959,445
1412,846,604,962,445
1413,849,604,964,445
1414,852,604,967,445
1415,855,604,970,445
1416,858,604,972,445
1417,861,605,975,445
1418,864,605,978,445
1419,867,605,981,445
1420,870,605,983,445
1421,873,605,986,445
1422,878,605,991,445
1423,882,605,996,445
1424,887,605,1001,444
1425,892,605,1006,444
1426,896,604,1012,444
1427,901,604,1017,444
1428,906,604,1022,444
1429,911,604,1027,443
1430,915,604,1032,443
1431,920,604,1037,443
1432,924,603,1040,443
1433,928,603,1044,442
1434,932,602,1047,442
1435,936,602,1051,441
1436,940,601,1054,441
1437,943,600,1057,441
1438,947,600,1061,440
1439,951,599,1064,440
1440,955,599,1068,439
1441,959,598,1071,439
1442,960,598,1072,439
1443,962,597,1074,438
1444,963,597,1076,438
1445,965,596,1077,437
1446,966,596,1078,437
1447,967,596,1080,437
1448,969,595,1082,436
1449,970,595,1083,436
1450,972,594,1084,435
1451,973,594,1086,435
1452,973,593,1086,435
1453,972,593,1085,435
1454,972,592,1085,434
1455,971,592,1084,434
1456,971,591,1084,434
1457,971,590,1084,434
1458,970,590,1083,434
1459,970,589,1083,433
1460,969,589,1082,433
1461,969,588,1082,433
1462,967,587,1080,432
1463,966,587,1079,431
1464,964,586,1078,431
1465,963,586,1076,430
1466,961,585,1074,429
1467,959,584,1073,428
1468,958,584,1072,427
1469,956,583,1070,427
1470,955,583,1068,426
1471,953,582,1067,425
1472,951,581,1065,424
1473,949,580,1062,424
1474,946,579,1060,423
1475,944,578,1057,423
1476,942,577,1055,422
1477,940,576,1053,421
1478,938,575,1050,421
1479,935,574,1048,420
1480,933,573,1045,420
1481,931,572,1043,419
1482,928,572,1040,419
1483,926,572,1037,418
1484,923,571,1034,418
1485,920,571,1031,417
1486,918,571,1028,417
1487,915,571,1024,417
1488,912,571,1021,416
1489,909,570,1018,416
1490,907,570,1015,415
1491,904,570,1012,415
1492,901,569,1009,415
1493,899,569,1006,414
1494,896,568,1003,414
1495,894,568,1000,413
1496,891,567,997,413
1497,888,566,994,413
1498,886,566,991,412
1499,883,565,988,412
1500,881,565,985,411
1501,878,564,982,411
1502,878,564,983,411
1503,878,564,984,411
1504,878,565,984,410
1505,878,565,985,410
1506,878,565,986,410
1507,878,565,987,410
1508,878,565,988,410
1509,878,566,988,409
1510,878,566,989,409
1511,878,566,990,409
1512,879,566,990,409
1513,879,567,990,410
1514,880,567,989,410
1515,880,568,989,411
1516,881,568,989,411
1517,882,568,989,411
1518,882,569,989,412
1519,883,569,988,412
1520,883,570,988,413
1521,884,570,988,413
1522,883,570,987,413
1523,882,570,986,413
1524,881,571,986,413
1525,880,571,985,413
1526,879,571,984,413
1527,878,571,983,413
1528,877,571,982,413
1529,876,572,982,413
1530,875,572,981,413
1531,874,572,980,413
1532,872,573,979,414
1533,871,573,977,414
1534,869,574,976,415
1535,867,574,975,415
1536,866,575,974,416
1537,864,576,972,417
1538,862,576,971,417
1539,860,577,970,418
1540,859,577,968,418
1541,857,578,967,419
1542,855,578,966,419
1543,853,579,964,419
1544,851,579,963,420
1545,849,580,961,420
1546,847,580,960,420
1547,845,580,959,420
1548,843,581,957,420
1549,841,581,956,421
1550,839,582,954,421
1551,837,582,953,421
1552,835,582,951,422
1553,833,582,948,422
1554,831,581,946,423
1555,829,581,943,423
1556,828,581,941,424
1557,826,581,939,425
1558,824,581,936,425
1559,822,580,934,426
1560,820,580,931,426
1561,818,580,929,427
1562,817,580,928,427
1563,816,580,926,427
1564,816,580,925,426
1565,815,580,924,426
1566,814,580,922,426
1567,813,580,921,426
1568,812,580,920,426
1569,812,580,919,425
1570,811,580,917,425
1571,810,580,916,425
1572,811,580,917,425
1573,812,580,919,424
1574,814,579,920,424
1575,815,579,921,423
1576,816,579,922,423
1577,817,579,924,423
1578,818,579,925,422
1579,820,578,926,422
1580,821,578,928,421
1581,822,578,929,421
1582,824,578,930,421
1583,825,578,932,421
1584,826,578,933,421
1585,828,578,935,421
1586,830,578,936,421
1587,831,578,937,421
1588,832,578,939,421
1589,834,578,940,421
1590,836,578,942,421
1591,837,578,943,421
1592,838,577,943,421
1593,838,577,943,420
1594,839,576,944,420
1595,839,576,944,419
1596,840,575,944,419
1597,841,574,944,419
1598,841,574,944,418
1599,842,573,945,418
1600,842,573,945,417
1601,843,572,945,417
1602,843,572,945,417
1603,843,572,946,417
1604,843,572,946,416
1605,843,572,947,416
1606,843,572,947,416
1607,843,572,947,416
1608,843,572,948,416
1609,843,572,948,415
1610,843,572,949,415
1611,843,572,949,415
1612,844,572,949,415
1613,844,571,950,415
1614,845,571,950,415
1615,845,570,951,415
1616,846,570,951,415
1617,847,570,951,415
1618,847,569,952,415
1619,848,569,952,415
1620,848,568,953,415
1621,849,568,953,415
1622,848,569,952,415
1623,846,570,951,415
1624,845,571,950,415
1625,843,572,949,415
1626,842,573,948,415
1627,841,574,947,415
1628,839,575,946,415
1629,838,576,945,415
1630,836,577,944,415
1631,835,578,943,415
1632,834,578,942,415
1633,833,578,941,416
1634,831,579,941,416
1635,830,579,940,417
1636,829,579,939,417
1637,828,579,938,417
1638,827,579,937,418
1639,825,580,937,418
1640,824,580,936,419
1641,823,580,935,419
1642,822,580,934,420
1643,822,581,934,420
1644,821,581,933,421
1645,820,582,933,421
1646,820,582,932,422
1647,819,582,931,423
1648,818,583,931,423
1649,817,583,930,424
1650,817,584,930,424
1651,816,584,929,425
1652,816,585,929,425
1653,816,585,928,425
1654,816,586,928,426
1655,816,586,927,426
1656,816,587,927,426
1657,816,588,927,426
1658,816,588,926,426
1659,816,589,926,427
1660,816,589,925,427
1661,816,590,925,427
1662,816,590,925,428
1663,816,590,925,428
1664,816,590,925,429
1665,816,590,925,429
1666,816,590,925,430
1667,816,590,925,431
1668,816,590,925,431
1669,816,590,925,432
1670,816,590,925,432
1671,816,590,925,433
1672,816,590,925,434
1673,816,591,926,434
1674,817,591,926,435
1675,817,592,927,435
1676,817,592,927,436
1677,817,592,927,437
1678,817,593,928,437
1679,818,593,928,438
1680,818,594,929,438
1681,818,594,929,439
1682,818,595,929,440
1683,819,595,929,440
1684,820,596,930,441
1685,820,596,930,441
1686,820,597,930,442
1687,821,598,930,443
1688,822,598,930,443
1689,822,599,931,444
1690,822,599,931,444
1691,823,600,931,445
1692,823,601,932,445
1693,824,601,933,445
1694,824,602,933,446
1695,825,603,934,446
1696,825,604,935,446
1697,825,604,936,446
1698,826,605,937,446
1699,826,606,937,447
1700,827,606,938,447
1701,827,607,939,447
1702,828,607,940,448
1703,829,608,940,448
1704,829,608,941,449
1705,830,609,941,449
1706,831,609,942,450
1707,832,609,943,451
1708,833,610,943,451
1709,833,610,944,452
1710,834,611,944,452
1711,835,611,945,453
1712,836,611,946,453
1713,837,611,947,453
1714,837,612,947,453
1715,838,612,948,453
1716,839,612,949,453
1717,840,612,950,453
1718,841,612,951,453
1719,841,613,951,453
1720,842,613,952,453
1721,843,613,953,453
1722,843,614,953,454
1723,844,614,953,454
1724,844,615,954,454
1725,845,615,954,455
1726,845,616,954,456
1727,845,617,954,456
1728,846,617,954,456
1729,846,618,955,457
1730,847,618,955,458
1731,847,619,955,458
1732,847,619,955,458
1733,846,618,955,459
1734,846,618,955,459
1735,845,617,955,460
1736,845,617,955,460
1737,845,617,955,460
1738,844,616,955,461
1739,844,616,955,461
1740,843,615,955,462
1741,843,615,955,462
1742,842,616,954,462
1743,841,617,953,463
1744,840,619,952,463
1745,839,620,951,464
1746,838,621,950,464
1747,837,622,949,464
1748,836,623,948,465
1749,835,625,947,465
1750,834,626,946,466
1751,833,627,945,466
1752,831,627,943,467
1753,829,628,942,467
1754,827,628,940,468
1755,825,629,939,468
1756,822,629,937,469
1757,820,629,935,470
1758,818,630,934,470
1759,816,630,932,471
1760,814,631,931,471
1761,812,631,929,472
1762,810,632,926,473
1763,808,633,924,474
1764,806,633,921,474
1765,804,634,918,475
1766,802,635,916,476
1767,800,636,913,477
1768,798,637,910,478
1769,796,637,907,478
1770,794,638,905,479
1771,792,639,902,480
1772,789,640,899,481
1773,786,641,896,481
1774,783,641,893,482
1775,780,642,890,482
1776,778,643,888,483
1777,775,644,885,484
1778,772,645,882,484
1779,769,645,879,485
1780,766,646,876,485
1781,763,647,873,486
1782,760,648,870,487
1783,756,649,867,487
1784,753,649,864,488
1785,749,650,861,488
1786,746,651,858,489
1787,743,652,855,490
1788,739,653,852,490
1789,736,653,849,491
1790,732,654,846,491
1791,729,655,843,492
1792,726,656,840,493
1793,723,656,837,493
1794,720,656,834,494
1795,717,657,831,494
1796,714,658,828,495
1797,712,658,824,496
1798,709,658,821,496
1799,706,659,818,497
1800,703,660,815,497
1801,700,660,812,498
1802,696,661,809,498
1803,693,662,805,499
1804,689,662,802,499
1805,685,663,798,500
1806,682,664,795,500
1807,678,665,792,500
1808,674,666,788,501
1809,670,666,785,501
1810,667,667,781,502
1811,663,668,778,502
1812,659,669,774,502
1813,655,669,771,503
1814,651,670,767,503
1815,647,670,763,503
1816,643,671,760,504
1817,639,672,756,504
1818,635,672,752,504
1819,631,673,748,504
1820,627,673,745,505
1821,623,674,741,505
1822,620,674,739,506
1823,618,675,736,506
1824,616,675,734,507
1825,613,676,732,507
1826,610,676,730,508
1827,608,676,727,509
1828,606,677,725,509
1829,603,677,723,510
1830,600,678,720,510
1831,598,678,718,511
1832,600,678,719,511
1833,601,678,720,512
1834,603,679,721,512
1835,604,679,722,513
1836,606,679,724,513
1837,608,679,725,513
1838,609,679,726,514
1839,611,680,727,514
1840,612,680,728,515
1841,614,680,729,515
1842,617,680,732,515
1843,621,680,735,515
1844,624,681,739,514
1845,627,681,742,514
1846,630,681,745,514
1847,634,681,748,514
1848,637,681,751,514
1849,640,682,755,513
1850,644,682,758,513
1851,647,682,761,513
1852,652,682,766,513
1853,658,682,771,513
1854,663,681,776,512
1855,668,681,781,512
1856,674,681,786,512
1857,679,681,790,512
1858,684,681,795,512
1859,689,680,800,511
1860,695,680,805,511
1861,700,680,810,511
1862,704,680,815,511
1863,709,680,819,511
1864,713,679,824,511
1865,717,679,829,511
1866,722,679,834,511
1867,726,679,838,511
1868,730,679,843,511
1869,734,678,848,511
1870,739,678,852,511
1871,743,678,857,511
1872,747,678,861,510
1873,751,678,864,510
1874,755,677,868,509
1875,759,677,872,508
1876,762,677,876,508
1877,766,677,879,507
1878,770,677,883,506
1879,774,676,887,505
1880,778,676,890,505
1881,782,676,894,504
1882,785,675,896,504
1883,788,675,898,504
1884,790,674,900,503
1885,793,674,902,503
1886,796,673,904,503
1887,799,672,906,503
1888,802,672,908,503
1889,804,671,910,502
1890,807,671,912,502
1891,810,670,914,502
1892,812,670,916,502
1893,813,669,918,502
1894,815,669,920,501
1895,817,668,922,501
1896,818,668,924,501
1897,820,668,925,501
1898,822,667,927,501
1899,824,667,929,500
1900,825,666,931,500
1901,827,666,933,500
1902,828,665,934,499
1903,829,665,935,499
1904,831,664,937,498
1905,832,664,938,498
1906,833,663,939,497
1907,834,662,940,496
1908,835,662,941,496
1909,837,661,943,495
1910,838,661,944,495
1911,839,660,945,494
1912,840,660,946,494
1913,842,660,948,494
1914,843,661,949,494
1915,845,661,951,494
1916,846,661,952,494
1917,847,661,953,494
1918,849,661,955,494
1919,850,662,956,494
1920,852,662,958,494
1921,853,662,959,494
1922,854,662,960,494
1923,856,662,962,494
1924,857,661,964,494
1925,859,661,965,494
1926,860,661,966,494
1927,861,661,968,494
1928,863,661,970,494
1929,864,660,971,494
1930,866,660,972,494
1931,867,660,974,494
1932,868,660,975,494
1933,870,660,977,494
1934,872,659,978,493
1935,873,659,980,493
1936,874,659,981,493
1937,876,659,982,493
1938,878,659,984,493
1939,879,658,985,492
1940,880,658,987,492
1941,882,658,988,492
1942,884,658,989,492
1943,885,658,991,492
1944,887,659,992,493
1945,888,659,994,493
1946,890,659,995,493
1947,892,659,996,493
1948,893,659,998,493
1949,895,660,999,494
1950,896,660,1001,494
1951,898,660,1002,494
1952,899,660,1004,494
1953,900,660,1005,494
1954,902,659,1007,494
1955,903,659,1008,494
1956,904,659,1010,494
1957,905,659,1012,494
1958,906,659,1013,494
1959,908,658,1015,494
1960,909,658,1016,494
1961,910,658,1018,494
1962,911,658,1019,494
1963,912,658,1020,494
1964,912,658,1021,495
1965,913,658,1022,495
1966,914,658,1024,495
1967,915,658,1025,495
1968,916,658,1026,495
1969,916,658,1027,496
1970,917,658,1028,496
1971,918,658,1029,496
1972,919,658,1030,496
1973,920,659,1031,496
1974,921,659,1032,496
1975,922,660,1033,496
1976,922,660,1034,496
1977,923,660,1035,496
1978,924,661,1036,496
1979,925,661,1037,496
1980,926,662,1038,496
1981,927,662,1039,496
1982,928,662,1039,496
1983,928,662,1039,497
1984,929,663,1039,497
1985,929,663,1039,498
1986,930,663,1039,498
1987,931,663,1039,498
1988,931,663,1039,499
1989,932,664,1039,499
1990,932,664,1039,500
1991,933,664,1039,500
1992,933,664,1039,500
1993,934,664,1039,500
1994,934,663,1039,500
1995,935,663,1039,500
1996,935,663,1039,500
1997,935,663,1039,500
1998,936,663,1039,500
1999,936,662,1039,500
2000,937,662,1039,500
2001,937,662,1039,500
2002,936,661,1039,499
2003,936,661,1039,498
2004,935,660,1040,497
2005,935,660,1040,496
2006,934,659,1040,495
2007,933,658,1040,494
2008,933,658,1040,493
2009,932,657,1041,492
2010,932,657,1041,491
2011,931,656,1041,490
2012,931,654,1041,488
2013,930,653,1040,486
2014,930,651,1040,485
2015,929,649,1039,483
2016,929,648,1039,481
2017,929,646,1039,479
2018,928,644,1038,477
2019,928,642,1038,476
2020,927,641,1037,474
2021,927,639,1037,472
2022,926,639,1036,472
2023,926,639,1035,472
2024,926,640,1035,472
2025,925,640,1034,472
2026,924,640,1033,472
2027,924,640,1032,472
2028,924,640,1031,472
2029,923,641,1031,472
2030,922,641,1030,472
2031,922,641,1029,472
2032,921,642,1028,473
2033,920,643,1028,474
2034,919,643,1027,474
2035,918,644,1026,475
2036,917,645,1026,476
2037,916,646,1025,477
2038,915,647,1024,478
2039,914,647,1023,478
2040,913,648,1023,479
2041,912,649,1022,480
2042,910,650,1021,481
2043,909,651,1020,482
2044,907,652,1018,482
2045,906,653,1017,483
2046,904,654,1016,484
2047,902,654,1015,485
2048,901,655,1014,486
2049,899,656,1012,486
2050,898,657,1011,487
2051,896,658,1010,488
2052,895,659,1009,489
2053,893,660,1008,490
2054,892,661,1006,492
2055,890,662,1005,493
2056,889,663,1004,494
2057,888,664,1003,495
2058,886,665,1002,496
2059,885,666,1000,498
2060,883,667,999,499
2061,882,668,998,500
2062,881,669,997,501
2063,880,670,995,502
2064,879,672,994,503
2065,878,673,992,504
2066,876,674,991,504
2067,875,675,990,505
2068,874,676,988,506
2069,873,678,987,507
2070,872,679,985,508
2071,871,680,984,509
2072,870,681,983,510
2073,869,683,982,512
2074,867,684,982,513
2075,866,686,981,515
2076,865,687,980,516
2077,864,688,979,517
2078,863,690,978,519
2079,861,691,978,520
2080,860,693,977,522
2081,859,694,976,523
2082,858,695,975,524
2083,857,696,975,525
2084,857,697,974,526
2085,856,698,973,527
2086,855,699,972,528
2087,854,700,972,529
2088,853,701,971,530
2089,853,702,970,531
2090,852,703,970,532
2091,851,704,969,533
2092,851,705,969,534
2093,851,705,969,534
2094,850,706,968,535
2095,850,707,968,535
2096,850,708,968,536
2097,850,708,968,537
2098,850,709,968,537
2099,849,710,967,538
2100,849,710,967,538
2101,849,711,967,539
2102,849,711,967,539
2103,848,711,967,540
2104,848,712,967,540
2105,847,712,967,541
2106,847,712,967,541
2107,847,712,967,541
2108,846,712,967,542
2109,846,713,967,542
2110,845,713,967,543
2111,845,713,967,543
2112,845,713,967,543
2113,846,714,968,543
2114,846,714,968,544
2115,847,715,969,544
2116,847,715,969,544
2117,847,715,969,544
2118,848,716,970,544
2119,848,716,970,545
2120,849,717,971,545
2121,849,717,971,545
2122,849,717,971,546
2123,849,718,972,547
2124,850,718,972,547
2125,850,719,972,548
2126,850,719,972,549
2127,850,719,973,550
2128,850,720,973,551
2129,851,720,973,551
2130,851,721,974,552
2131,851,721,974,553
2132,851,721,974,554
2133,851,722,974,554
2134,850,722,974,554
2135,850,723,974,555
2136,850,723,974,556
2137,850,723,973,556
2138,850,724,973,556
2139,849,724,973,557
2140,849,725,973,558
2141,849,725,973,558
2142,849,725,973,558
2143,848,725,973,558
2144,848,726,972,557
2145,847,726,972,557
2146,847,726,972,557
2147,847,726,972,557
2148,846,726,972,557
2149,846,727,971,556
2150,845,727,971,556
2151,845,727,971,556
2152,845,726,970,556
2153,844,725,969,555
2154,844,725,969,555
2155,843,724,968,555
2156,843,723,967,554
2157,843,722,966,554
2158,842,721,965,554
2159,842,721,965,554
2160,841,720,964,553
2161,841,719,963,553
2162,838,718,961,552
2163,836,717,960,551
2164,834,715,958,549
2165,831,714,957,548
2166,828,713,955,547
2167,826,712,953,546
2168,824,711,952,545
2169,821,709,950,543
2170,818,708,949,542
2171,816,707,947,541
2172,813,706,945,540
2173,810,705,942,538
2174,806,704,940,537
2175,803,703,937,535
2176,800,702,935,534
2177,797,700,933,533
2178,794,699,930,531
2179,790,698,928,530
2180,787,697,925,528
2181,784,696,923,527
2182,781,695,920,525
2183,778,694,916,524
2184,775,692,913,522
2185,772,691,910,521
2186,770,690,906,519
2187,767,689,903,517
2188,764,688,900,516
2189,761,686,897,514
2190,758,685,893,513
2191,755,684,890,511
2192,753,683,887,509
2193,750,681,884,508
2194,748,680,881,506
2195,745,678,878,504
2196,743,677,874,502
2197,741,676,871,501
2198,738,674,868,499
2199,736,673,865,497
2200,733,671,862,496
2201,731,670,859,494
2202,728,669,856,493
2203,726,667,854,492
2204,724,666,851,491
2205,721,664,849,490
2206,718,663,846,489
2207,716,662,843,488
2208,714,660,841,487
2209,711,659,838,486
2210,708,657,836,485
2211,706,656,833,484
2212,704,655,831,483
2213,702,654,829,483
2214,700,653,827,482
2215,698,652,825,482
2216,696,652,822,481
2217,694,651,820,480
2218,692,650,818,480
2219,690,649,816,479
2220,688,648,814,479
2221,686,647,812,478
2222,683,646,809,477
2223,680,645,807,476
2224,677,645,804,475
2225,674,644,802,474
2226,672,643,799,473
2227,669,642,796,472
2228,666,641,794,471
2229,663,641,791,470
2230,660,640,789,469
2231,657,639,786,468
2232,654,639,784,468
2233,651,638,781,467
2234,647,638,779,467
2235,644,637,777,466
2236,641,637,774,466
2237,638,637,772,466
2238,635,636,770,465
2239,631,636,768,465
2240,628,635,765,464
2241,625,635,763,464
2242,623,635,760,463
2243,621,634,758,462
2244,619,634,755,461
2245,617,633,753,460
2246,614,633,750,458
2247,612,633,747,457
2248,610,632,745,456
2249,608,632,742,455
2250,606,631,740,454
2251,604,631,737,453
2252,606,630,739,452
2253,608,628,741,451
2254,610,627,744,449
2255,612,625,746,448
2256,614,624,748,447
2257,617,623,750,446
2258,619,621,752,445
2259,621,620,755,443
2260,623,618,757,442
2261,625,617,759,441
2262,627,615,761,439
2263,630,613,763,437
2264,632,611,765,434
2265,635,609,767,432
2266,637,608,768,430
2267,639,606,770,428
2268,642,604,772,426
2269,644,602,774,423
2270,647,600,776,421
2271,649,598,778,419
2272,650,596,779,417
2273,651,594,779,416
2274,653,591,780,414
2275,654,589,780,412
2276,655,587,781,410
2277,656,585,782,409
2278,657,583,782,407
2279,659,580,783,405
2280,660,578,783,404
2281,661,576,784,402
2282,662,574,785,400
2283,662,573,786,398
2284,663,571,786,397
2285,663,570,787,395
2286,664,568,788,393
2287,665,566,789,391
2288,665,565,790,389
2289,666,563,790,388
2290,666,562,791,386
2291,667,560,792,384
2292,668,559,792,383
2293,668,557,793,382
2294,669,556,793,381
2295,669,555,794,380
2296,670,554,794,379
2297,671,552,794,378
2298,671,551,795,377
2299,672,550,795,376
2300,672,548,796,375
2301,673,547,796,374
2302,673,546,796,373
2303,673,546,796,373
2304,673,545,797,372
2305,673,545,797,372
2306,673,544,797,371
2307,673,543,797,370
2308,673,543,797,370
2309,673,542,798,369
2310,673,542,798,369
2311,673,541,798,368
2312,672,541,797,367
2313,671,541,796,367
2314,671,541,796,366
2315,670,541,795,366
2316,669,541,794,365
2317,668,541,793,364
2318,667,541,792,364
2319,667,541,792,363
2320,666,541,791,363
2321,665,541,790,362
2322,664,540,789,362
2323,662,540,789,362
2324,661,539,788,361
2325,659,539,788,361
2326,658,538,787,361
2327,657,537,786,361
2328,655,537,786,361
2329,654,536,785,360
2330,652,536,785,360
2331,651,535,784,360
2332,650,535,783,360
2333,649,536,782,360
2334,647,536,781,361
2335,646,537,780,361
2336,645,537,778,361
2337,644,537,777,361
2338,643,538,776,361
2339,641,538,775,362
2340,640,539,774,362
2341,639,539,773,362
2342,640,540,774,362
2343,641,540,774,362
2344,642,541,774,362
2345,643,541,775,362
2346,644,542,776,362
2347,645,543,776,362
2348,646,543,776,362
2349,647,544,777,362
2350,648,544,778,362
2351,649,545,778,362
2352,649,546,778,363
2353,649,546,778,364
2354,649,547,779,364
2355,649,547,779,365
2356,649,548,779,366
2357,649,549,779,367
2358,649,549,779,368
2359,649,550,780,368
2360,649,550,780,369
2361,649,551,780,370
2362,649,552,780,370
2363,649,552,780,371
2364,648,553,780,371
2365,648,554,780,372
2366,648,554,780,372
2367,648,555,780,372
2368,648,556,780,373
2369,647,557,780,373
2370,647,557,780,374
2371,647,558,780,374
2372,646,559,779,375
2373,645,560,779,376
2374,644,560,778,376
2375,643,561,777,377
2376,642,562,776,378
2377,641,563,776,379
2378,640,564,775,380
2379,639,564,774,380
2380,638,565,774,381
2381,637,566,773,382
2382,639,566,775,382
2383,642,566,778,382
2384,644,566,780,383
2385,647,566,782,383
2386,649,566,784,383
2387,651,566,787,383
2388,654,566,789,383
2389,656,566,791,384
2390,659,566,794,384
2391,661,566,796,384
2392,664,567,799,384
2393,667,567,803,384
2394,670,568,806,385
2395,673,568,809,385
2396,676,569,812,385
2397,678,570,816,385
2398,681,570,819,385
2399,684,571,822,386
2400,687,571,826,386
2401,690,572,829,386
2402,694,572,832,387
2403,698,573,835,387
2404,702,573,839,388
2405,706,574,842,388
2406,710,574,845,389
2407,713,574,848,390
2408,717,575,851,390
2409,721,575,855,391
2410,725,576,858,391
2411,729,576,861,392
2412,733,576,865,392
2413,737,576,869,392
2414,740,575,873,391
2415,744,575,877,391
2416,748,575,880,391
2417,752,575,884,391
2418,756,575,888,391
2419,759,574,892,390
2420,763,574,896,390
2421,767,574,900,390
2422,771,574,903,390
2423,774,574,907,390
2424,778,573,910,389
2425,782,573,913,389
2426,786,573,916,389
2427,789,573,920,389
2428,793,573,923,389
2429,797,572,926,388
2430,800,572,930,388
2431,804,572,933,388
2432,806,572,935,388
2433,808,572,937,388
2434,809,573,938,388
2435,811,573,940,388
2436,813,573,942,388
2437,815,573,944,388
2438,817,573,946,388
2439,818,574,947,388
2440,820,574,949,388
2441,822,574,951,388
2442,822,574,952,388
2443,823,574,952,388
2444,823,574,953,388
2445,823,574,953,388
2446,824,574,954,388
2447,824,574,955,388
2448,824,574,955,388
2449,824,574,956,388
2450,825,574,956,388
2451,825,574,957,388
2452,825,573,957,388
2453,825,573,957,388
2454,825,572,957,388
2455,825,572,957,388
2456,825,571,957,388
2457,825,570,957,388
2458,825,570,957,388
2459,825,569,957,388
2460,825,569,957,388
2461,825,568,957,388
2462,824,568,956,388
2463,822,569,956,388
2464,821,569,955,389
2465,820,570,955,389
2466,818,570,954,389
2467,817,570,953,389
2468,816,571,953,389
2469,815,571,952,390
2470,813,572,952,390
2471,812,572,951,390
2472,810,572,949,390
2473,809,572,948,390
2474,807,572,946,390
2475,806,572,945,390
2476,804,572,943,390
2477,802,572,941,390
2478,801,572,940,390
2479,799,572,938,390
2480,798,572,937,390
2481,796,572,935,390
2482,794,572,933,390
2483,792,572,932,390
2484,791,572,930,390
2485,789,572,928,390
2486,787,572,926,390
2487,785,572,925,390
2488,783,572,923,390
2489,782,572,921,390
2490,780,572,920,390
2491,778,572,918,390
2492,777,572,917,390
2493,776,572,916,390
2494,775,572,916,390
2495,774,572,915,390
2496,774,572,914,390
2497,773,572,913,390
2498,772,572,912,390
2499,771,572,912,390
2500,770,572,911,390
2501,769,572,910,390
2502,770,572,912,390
2503,772,572,913,391
2504,773,572,915,391
2505,774,572,917,392
2506,776,572,918,392
2507,777,572,920,392
2508,778,572,922,393
2509,779,572,924,393
2510,781,572,925,394
2511,782,572,927,394
2512,785,573,930,394
2513,788,573,933,394
2514,790,574,936,395
2515,793,574,939,395
2516,796,575,942,395
2517,799,576,945,395
2518,802,576,948,395
2519,804,577,951,396
2520,807,577,954,396
2521,810,578,957,396
2522,812,579,959,397
2523,813,580,961,397
2524,814,581,963,398
2525,816,582,965,398
2526,818,583,968,399
2527,819,584,970,400
2528,820,585,972,400
2529,822,586,974,401
2530,824,587,976,401
2531,825,588,978,402
2532,826,588,979,403
2533,828,588,980,403
2534,829,589,981,404
2535,831,589,982,405
2536,832,589,983,406
2537,833,589,984,406
2538,835,589,985,407
2539,836,590,986,408
2540,838,590,987,408
2541,839,590,988,409
2542,840,591,989,410
2543,840,592,990,411
2544,841,594,990,411
2545,841,595,991,412
2546,842,596,992,413
2547,843,597,993,414
2548,843,598,994,415
2549,844,600,994,415
2550,844,601,995,416
2551,845,602,996,417
2552,844,603,996,418
2553,844,605,996,420
2554,843,606,995,421
2555,843,607,995,423
2556,842,608,995,424
2557,841,610,995,425
2558,841,611,995,427
2559,840,612,994,428
2560,840,614,994,430
2561,839,615,994,431
2562,836,616,992,432
2563,834,617,990,434
2564,832,619,988,435
2565,829,620,986,437
2566,826,621,984,438
2567,824,622,982,439
2568,822,623,980,441
2569,819,625,978,442
2570,816,626,976,444
2571,814,627,974,445
2572,811,629,972,446
2573,808,631,969,448
2574,805,634,966,449
2575,802,636,964,450
2576,799,638,962,452
2577,796,640,959,453
2578,793,642,956,454
2579,790,645,954,455
2580,787,647,952,457
2581,784,649,949,458
2582,782,650,947,460
2583,780,652,946,461
2584,778,653,944,463
2585,776,654,943,464
2586,774,656,941,466
2587,773,657,939,468
2588,771,658,938,469
2589,769,659,936,471
2590,767,661,935,472
2591,765,662,933,474
2592,765,663,933,475
2593,765,664,934,476
2594,766,665,934,477
2595,766,666,935,478
2596,766,667,935,479
2597,766,668,935,480
2598,766,669,936,481
2599,767,670,936,482
2600,767,671,937,483
2601,767,672,937,484
2602,769,673,939,485
2603,771,674,941,485
2604,773,676,942,486
2605,775,677,944,486
2606,776,678,946,487
2607,778,679,948,488
2608,780,680,950,488
2609,782,682,951,489
2610,784,683,953,489
2611,786,684,955,490
2612,788,685,956,490
2613,789,685,957,490
2614,791,686,958,491
2615,792,686,959,491
2616,794,687,960,491
2617,796,688,961,491
2618,797,688,962,491
2619,799,689,963,492
2620,800,689,964,492
2621,802,690,965,492
2622,803,690,966,492
2623,803,690,966,492
2624,804,691,967,493
2625,804,691,967,493
2626,805,691,968,493
2627,806,691,969,493
2628,806,691,969,493
2629,807,692,970,494
2630,807,692,970,494
2631,808,692,971,494
2632,809,692,971,494
2633,810,692,971,494
2634,810,691,972,493
2635,811,691,972,493
2636,812,691,972,493
2637,813,691,972,493
2638,814,691,972,493
2639,814,690,973,492
2640,815,690,973,492
2641,816,690,973,492
2642,817,689,974,492
2643,817,689,975,491
2644,818,688,976,491
2645,819,688,977,490
2646,820,687,978,490
2647,820,686,978,490
2648,821,686,979,489
2649,822,685,980,489
2650,822,685,981,488
2651,823,684,982,488
2652,825,683,983,487
2653,827,682,985,486
2654,829,680,986,485
2655,831,679,988,484
2656,833,678,989,483
2657,835,677,990,482
2658,837,676,992,481
2659,839,674,993,480
2660,841,673,995,479
2661,843,672,996,478
2662,845,671,998,477
2663,846,670,1000,476
2664,848,669,1002,475
2665,849,668,1004,474
2666,851,667,1006,473
2667,853,666,1008,472
2668,854,665,1010,471
2669,856,664,1012,470
2670,857,663,1014,469
2671,859,662,1016,468
2672,861,661,1018,467
2673,862,659,1020,466
2674,864,658,1022,464
2675,866,657,1024,463
2676,868,656,1026,462
2677,869,654,1027,461
2678,871,653,1029,460
2679,873,652,1031,458
2680,874,650,1033,457
2681,876,649,1035,456
2682,878,648,1037,455
2683,881,647,1038,454
2684,883,645,1040,453
2685,886,644,1041,452
2686,888,643,1043,450
2687,890,642,1045,449
2688,893,641,1046,448
2689,895,639,1048,447
2690,898,638,1049,446
2691,900,637,1051,445
2692,901,636,1053,444
2693,902,636,1054,444
2694,904,635,1056,443
2695,905,635,1057,443
2696,906,634,1059,442
2697,907,633,1061,441
2698,908,633,1062,441
2699,910,632,1064,440
2700,911,632,1065,440
2701,912,631,1067,439
2702,913,631,1069,439
2703,914,631,1071,439
2704,915,630,1073,439
2705,916,630,1075,439
2706,917,630,1076,439
2707,918,630,1078,439
2708,919,630,1080,439
2709,920,629,1082,439
2710,921,629,1084,439
2711,922,629,1086,439
2712,924,628,1087,439
2713,926,628,1089,439
2714,928,627,1090,438
2715,930,627,1092,438
2716,932,626,1093,438
2717,935,625,1094,438
2718,937,625,1096,438
2719,939,624,1097,437
2720,941,624,1099,437
2721,943,623,1100,437
2722,945,623,1102,437
2723,947,622,1104,436
2724,949,622,1106,436
2725,951,621,1108,435
2726,953,621,1110,435
2727,955,621,1112,435
2728,957,620,1114,434
2729,959,620,1116,434
2730,961,619,1118,433
2731,963,619,1120,433
2732,964,619,1122,432
2733,966,619,1123,432
2734,967,618,1124,431
2735,968,618,1126,431
2736,970,618,1128,430
2737,971,618,1129,429
2738,972,618,1130,429
2739,973,617,1132,428
2740,975,617,1134,428
2741,976,617,1135,427
2742,977,616,1136,427
2743,979,616,1138,427
2744,980,615,1139,426
2745,982,615,1141,426
2746,983,614,1142,426
2747,984,613,1143,426
2748,986,613,1145,426
2749,987,612,1146,425
2750,989,612,1148,425
2751,990,611,1149,425
2752,990,611,1150,425
2753,990,611,1151,424
2754,991,610,1152,424
2755,991,610,1153,423
2756,991,610,1154,423
2757,991,610,1155,423
2758,991,610,1156,422
2759,992,609,1157,422
2760,992,609,1158,421
2761,992,609,1159,421
2762,992,608,1159,421
2763,992,608,1159,420
2764,992,607,1159,420
2765,992,606,1159,419
2766,992,606,1159,419
2767,992,605,1159,419
2768,992,604,1159,418
2769,992,603,1159,418
2770,992,603,1159,417
2771,992,602,1159,417
2772,991,602,1158,417
2773,990,602,1158,417
2774,990,601,1157,416
2775,989,601,1157,416
2776,988,601,1156,416
2777,987,601,1155,416
2778,986,601,1155,416
2779,986,600,1154,415
2780,985,600,1154,415
2781,984,600,1153,415
2782,982,600,1152,415
2783,980,600,1150,415
2784,978,600,1149,414
2785,976,600,1147,414
2786,974,600,1146,414
2787,973,600,1145,414
2788,971,600,1143,414
2789,969,600,1142,413
2790,967,600,1140,413
2791,965,600,1139,413
2792,963,600,1137,413
2793,962,600,1135,413
2794,960,600,1133,414
2795,959,600,1131,414
2796,957,600,1130,414
2797,955,600,1128,414
2798,954,600,1126,414
2799,952,600,1124,415
2800,951,600,1122,415
2801,949,600,1120,415
2802,946,600,1117,415
2803,943,600,1115,415
2804,940,600,1112,415
2805,937,600,1110,415
2806,934,600,1107,415
2807,930,600,1104,415
2808,927,600,1102,415
2809,924,600,1099,415
2810,921,600,1097,415
2811,918,600,1094,415
2812,916,600,1092,415
2813,913,601,1089,415
2814,911,601,1086,415
2815,908,602,1084,415
2816,906,602,1082,415
2817,904,602,1079,415
2818,901,603,1076,415
2819,899,603,1074,415
2820,896,604,1072,415
2821,894,604,1069,415
2822,891,604,1066,415
2823,888,604,1064,415
2824,885,604,1061,415
2825,882,604,1059,415
2826,880,604,1056,415
2827,877,605,1053,415
2828,874,605,1051,415
2829,871,605,1048,415
2830,868,605,1046,415
2831,865,605,1043,415
2832,863,604,1040,415
2833,861,604,1037,414
2834,859,603,1034,414
2835,857,602,1031,413
2836,855,602,1028,413
2837,853,601,1024,413
2838,851,600,1021,412
2839,849,599,1018,412
2840,847,599,1015,411
2841,845,598,1012,411
2842,843,597,1010,410
2843,841,596,1007,410
2844,838,596,1005,409
2845,836,595,1002,409
2846,834,594,1000,408
2847,832,593,998,407
2848,830,592,995,407
2849,827,592,993,406
2850,825,591,990,406
2851,823,590,988,405
2852,821,589,986,404
2853,819,588,983,403
2854,817,587,980,402
2855,815,586,978,401
2856,814,585,976,400
2857,812,584,973,398
2858,810,583,970,397
2859,808,582,968,396
2860,806,581,966,395
2861,804,580,963,394
2862,802,579,962,393
2863,801,578,961,392
2864,799,577,960,392
2865,798,576,959,391
2866,796,575,958,390
2867,794,574,957,389
2868,793,573,956,388
2869,791,572,955,388
2870,790,571,954,387
2871,788,570,953,386
2872,788,569,953,385
2873,789,568,954,384
2874,789,568,954,384
2875,790,567,955,383
2876,790,566,955,382
2877,790,565,955,381
2878,791,564,956,380
2879,791,564,956,380
2880,792,563,957,379
2881,792,562,957,378
2882,795,561,960,377
2883,798,559,962,375
2884,801,558,965,374
2885,804,557,968,372
2886,808,556,970,371
2887,811,554,973,370
2888,814,553,976,368
2889,817,552,979,367
2890,820,550,981,365
2891,823,549,984,364
2892,826,548,986,363
2893,829,547,988,362
2894,832,545,990,361
2895,835,544,992,360
2896,838,543,994,358
2897,841,542,996,357
2898,844,541,998,356
2899,847,539,1000,355
2900,850,538,1002,354
2901,853,537,1004,353
2902,853,536,1004,352
2903,852,535,1004,351
2904,852,534,1004,351
2905,851,533,1004,350
2906,851,532,1004,349
2907,851,531,1004,348
2908,850,530,1004,347
2909,850,529,1004,347
2910,849,528,1004,346
2911,849,527,1004,345
2912,849,526,1004,344
2913,849,526,1004,344
2914,849,525,1005,343
2915,849,525,1005,343
2916,849,524,1005,342
2917,849,523,1005,341
2918,849,523,1005,341
2919,849,522,1006,340
2920,849,522,1006,340
2921,849,521,1006,339
2922,849,521,1006,339
2923,849,520,1006,339
2924,850,520,1006,339
2925,850,519,1006,339
2926,850,519,1006,339
2927,850,519,1006,339
2928,850,518,1006,339
2929,851,518,1006,339
2930,851,517,1006,339
2931,851,517,1006,339
2932,852,516,1007,339
2933,853,516,1008,338
2934,855,515,1008,338
2935,856,515,1009,337
2936,857,514,1010,337
2937,858,513,1011,337
2938,859,513,1012,336
2939,861,512,1012,336
2940,862,512,1013,335
2941,863,511,1014,335
2942,862,511,1013,335
2943,861,511,1012,335
2944,859,510,1012,334
2945,858,510,1011,334
2946,857,510,1010,334
2947,856,510,1009,334
2948,855,510,1008,334
2949,853,509,1008,333
2950,852,509,1007,333
2951,851,509,1006,333
2952,852,509,1008,333
2953,853,509,1009,334
2954,854,509,1011,334
2955,855,509,1012,335
2956,856,509,1014,335
2957,857,509,1016,335
2958,858,509,1017,336
2959,859,509,1019,336
2960,860,509,1020,337
2961,861,509,1022,337
2962,865,509,1026,337
2963,869,510,1031,338
2964,873,510,1035,338
2965,877,511,1039,339
2966,882,511,1044,339
2967,886,511,1048,339
2968,890,512,1052,340
2969,894,512,1056,340
2970,898,513,1061,341
2971,902,513,1065,341
2972,907,514,1070,342
2973,911,515,1075,343
2974,916,517,1080,345
2975,921,518,1085,346
2976,926,519,1090,347
2977,930,520,1094,348
2978,935,521,1099,349
2979,940,523,1104,351
2980,944,524,1109,352
2981,949,525,1114,353
2982,951,527,1116,354
2983,952,528,1118,355
2984,954,530,1120,356
2985,955,531,1122,357
2986,957,533,1124,358
2987,959,535,1127,360
2988,960,536,1129,361
2989,962,538,1131,362
2990,963,539,1133,363
2991,965,541,1135,364
2992,964,543,1135,366
2993,964,545,1134,368
2994,963,547,1134,370
2995,963,549,1133,372
2996,962,552,1133,374
2997,961,554,1133,376
2998,961,556,1132,378
2999,960,558,1132,380
3000,960,560,1131,382
3001,959,562,1131,384
3002,959,564,1130,385
3003,958,565,1130,386
3004,958,567,1129,388
3005,957,568,1129,389
3006,957,570,1128,390
3007,957,572,1127,391
3008,956,573,1127,392
3009,956,575,1126,394
3010,955,576,1126,395
3011,955,578,1125,396
3012,956,580,1126,398
3013,957,582,1127,400
3014,958,583,1128,402
3015,959,585,1129,404
3016,960,587,1130,406
3017,961,589,1131,409
3018,962,591,1132,411
3019,963,592,1133,413
3020,964,594,1134,415
3021,965,596,1135,417
3022,965,598,1136,419
3023,966,601,1137,421
3024,966,604,1137,424
3025,967,606,1138,426
3026,967,608,1139,428
3027,967,611,1140,430
3028,968,614,1141,432
3029,968,616,1141,435
3030,969,618,1142,437
3031,969,621,1143,439
3032,968,623,1142,441
3033,966,625,1141,444
3034,965,628,1141,446
3035,963,630,1140,448
3036,962,632,1139,450
3037,961,634,1138,453
3038,959,636,1137,455
3039,958,639,1137,457
3040,956,641,1136,460
3041,955,643,1135,462
3042,952,645,1132,463
3043,949,647,1130,465
3044,947,649,1127,466
3045,944,651,1124,468
3046,941,654,1122,469
3047,938,656,1119,470
3048,935,658,1116,472
3049,933,660,1113,473
3050,930,662,1111,475
3051,927,664,1108,476
3052,925,666,1105,478
3053,922,668,1102,480
3054,920,671,1100,481
3055,918,673,1097,483
3056,916,675,1094,485
3057,913,677,1091,487
3058,911,679,1088,489
3059,909,682,1086,490
3060,906,684,1083,492
3061,904,686,1080,494
3062,904,687,1080,495
3063,904,689,1080,497
3064,905,690,1080,498
3065,905,692,1080,499
3066,905,693,1080,500
3067,905,694,1080,502
3068,905,696,1080,503
3069,906,697,1080,504
3070,906,699,1080,506
3071,906,700,1080,507
3072,905,699,1078,506
3073,904,698,1077,506
3074,903,696,1075,505
3075,902,695,1073,504
3076,901,694,1072,504
3077,900,693,1070,503
3078,899,692,1068,502
3079,898,690,1066,501
3080,897,689,1065,501
3081,896,688,1063,500
3082,893,687,1059,499
3083,889,686,1055,498
3084,886,685,1052,497
3085,883,684,1048,496
3086,880,683,1044,495
3087,876,682,1040,494
3088,873,681,1036,493
3089,870,680,1033,492
3090,866,679,1029,491
3091,863,678,1025,490
3092,859,677,1022,489
3093,855,676,1018,488
3094,852,675,1014,486
3095,848,674,1011,485
3096,844,673,1008,484
3097,840,672,1004,483
3098,836,671,1000,482
3099,833,670,997,480
3100,829,669,994,479
3101,825,668,990,478
3102,822,667,987,477
3103,820,666,985,477
3104,818,664,982,476
3105,815,663,979,476
3106,812,662,976,475
3107,810,661,974,474
3108,808,660,971,474
3109,805,658,968,473
3110,802,657,966,473
3111,800,656,963,472
3112,799,655,962,471
3113,799,655,961,469
3114,798,654,959,468
3115,798,653,958,466
3116,797,652,957,465
3117,796,652,956,464
3118,796,651,955,462
3119,795,650,953,461
3120,795,650,952,459
3121,794,649,951,458
3122,793,648,950,458
3123,792,647,950,457
3124,792,647,949,456
3125,791,646,949,456
3126,790,645,948,456
3127,789,644,947,455
3128,788,643,947,454
3129,788,643,946,454
3130,787,642,946,454
3131,786,641,945,453
3132,786,640,945,452
3133,786,639,945,452
3134,785,638,945,451
3135,785,637,945,451
3136,785,636,945,450
3137,785,635,945,449
3138,785,634,945,449
3139,784,633,945,448
3140,784,632,945,448
3141,784,631,945,447
3142,785,631,946,446
3143,786,631,947,446
3144,787,630,947,445
3145,788,630,948,445
3146,789,630,949,444
3147,790,630,950,443
3148,791,630,951,443
3149,792,629,951,442
3150,793,629,952,442
3151,794,629,953,441
3152,794,628,953,440
3153,795,627,954,440
3154,795,627,954,439
3155,796,626,955,439
3156,796,625,955,438
3157,796,624,955,437
3158,797,623,956,437
3159,797,623,956,436
3160,798,622,957,436
3161,798,621,957,435
3162,797,621,955,435
3163,796,620,954,435
3164,794,620,952,435
3165,793,619,951,435
3166,792,619,949,435
3167,791,619,947,435
3168,790,618,946,435
3169,788,618,944,435
3170,787,617,943,435
3171,786,617,941,435
3172,783,616,938,434
3173,780,616,935,433
3174,777,615,932,432
3175,774,615,929,431
3176,770,614,926,430
3177,767,613,922,429
3178,764,613,919,428
3179,761,612,916,427
3180,758,612,913,426
3181,755,611,910,425
3182,753,610,908,424
3183,751,610,906,423
3184,749,609,903,422
3185,747,608,901,421
3186,745,608,899,420
3187,743,607,897,419
3188,741,606,895,418
3189,739,605,892,417
3190,737,605,890,416
3191,735,604,888,415
3192,735,603,887,414
3193,735,602,886,413
3194,734,600,884,412
3195,734,599,883,411
3196,734,598,882,410
3197,734,597,881,408
3198,734,596,880,407
3199,733,594,878,406
3200,733,593,877,405
3201,733,592,876,404
3202,733,591,876,403
3203,733,590,875,402
3204,734,588,874,400
3205,734,587,874,399
3206,734,586,874,398
3207,734,585,873,397
3208,734,584,872,396
3209,735,582,872,394
3210,735,581,872,393
3211,735,580,871,392
3212,736,579,871,391
3213,737,578,872,390
3214,738,576,872,388
3215,739,575,872,387
3216,740,574,872,386
3217,741,573,873,385
3218,742,572,873,384
3219,743,570,873,382
3220,744,569,874,381
3221,745,568,874,380
3222,745,568,874,379
3223,745,567,874,378
3224,745,567,874,378
3225,745,566,874,377
3226,745,566,874,376
3227,745,566,874,375
3228,745,565,874,374
3229,745,565,874,374
3230,745,564,874,373
3231,745,564,874,372
3232,746,563,875,372
3233,747,563,875,372
3234,747,562,876,372
3235,748,562,876,372
3236,749,561,877,372
3237,750,560,878,372
3238,751,560,878,372
3239,751,559,879,372
3240,752,559,879,372
3241,753,558,880,372
3242,754,558,881,372
3243,755,557,882,371
3244,757,557,882,371
3245,758,557,883,370
3246,759,556,884,370
3247,760,556,885,370
3248,761,556,886,369
3249,763,556,886,369
3250,764,555,887,368
3251,765,555,888,368
3252,768,555,890,368
3253,771,555,892,367
3254,774,554,895,367
3255,777,554,897,366
3256,780,554,899,366
3257,782,554,901,366
3258,785,554,903,365
3259,788,553,906,365
3260,791,553,908,364
3261,794,553,910,364
3262,798,553,914,363
3263,803,552,918,363
3264,807,552,922,362
3265,811,551,926,362
3266,816,551,930,361
3267,820,551,933,360
3268,824,550,937,360
3269,828,550,941,359
3270,833,549,945,359
3271,837,549,949,358
3272,843,548,954,357
3273,848,547,960,356
3274,854,546,966,355
3275,860,545,971,354
3276,866,544,976,354
3277,871,543,982,353
3278,877,542,988,352
3279,883,541,993,351
3280,888,540,998,350
3281,894,539,1004,349
3282,901,538,1011,348
3283,909,536,1019,347
3284,916,535,1026,345
3285,923,533,1034,344
3286,930,532,1041,343
3287,938,531,1048,342
3288,945,529,1056,341
3289,952,528,1063,339
3290,960,526,1071,338
3291,967,525,1078,337
3292,976,523,1087,335
3293,985,521,1095,333
3294,995,519,1104,332
3295,1004,517,1113,330
3296,1013,515,1122,328
3297,1022,513,1130,326
3298,1031,511,1139,324
3299,1041,509,1148,323
3300,1050,507,1156,321
3301,1059,505,1165,319
3302,1069,503,1176,317
3303,1080,500,1186,314
3304,1090,498,1197,312
3305,1101,496,1207,310
3306,1111,494,1218,308
3307,1121,491,1229,305
3308,1132,489,1239,303
3309,1142,487,1250,301
3310,1153,484,1260,298
3311,1163,482,1271,296
3312,1173,479,1281,294
3313,1183,476,1291,291
3314,1194,473,1302,289
3315,1204,470,1312,286
3316,1214,468,1322,284
3317,1224,465,1332,282
3318,1234,462,1342,279
3319,1245,459,1353,277
3320,1255,456,1363,274
3321,1265,453,1373,272
3322,1275,451,1383,270
3323,1285,449,1392,269
3324,1294,447,1402,267
3325,1304,445,1411,266
3326,1314,443,1421,264
3327,1324,441,1431,262
3328,1334,439,1440,261
3329,1343,437,1450,259
3330,1353,435,1459,258
3331,1363,433,1469,256
3332,1368,429,1474,252
3333,1374,425,1480,249
3334,1380,421,1485,246
3335,1385,417,1490,242
3336,1390,412,1496,238
3337,1396,408,1501,235
3338,1402,404,1506,232
3339,1407,400,1511,228
3340,1412,396,1517,224
3341,1418,392,1522,221
3342,1416,385,1519,214
3343,1414,377,1517,207
3344,1411,370,1514,200
3345,1409,363,1512,193
3346,1407,356,1509,186
3347,1405,348,1506,179
3348,1403,341,1504,172
3349,1400,334,1501,165
3350,1398,326,1499,158
3351,1396,319,1496,151
3352,1387,314,1486,147
3353,1378,308,1476,143
3354,1368,303,1466,138
3355,1359,298,1456,134
3356,1350,292,1446,130
3357,1341,287,1436,126
3358,1332,282,1426,122
3359,1322,277,1416,117
3360,1313,271,1406,113
3361,1304,266,1396,109
3362,1296,263,1388,107
3363,1289,261,1379,105
3364,1281,258,1371,103
3365,1273,255,1362,101
3366,1266,252,1354,100
3367,1258,250,1346,98
3368,1250,247,1337,96
3369,1242,244,1329,94
3370,1235,242,1320,92
3371,1227,239,1312,90
3372,1222,238,1308,89
3373,1218,237,1304,88
3374,1214,236,1300,88
3375,1209,235,1296,87
3376,1204,234,1292,86
3377,1200,233,1289,85
3378,1196,232,1285,84
3379,1191,231,1281,84
3380,1186,230,1277,83
3381,1182,229,1273,82
3382,1180,228,1271,82
3383,1178,227,1269,82
3384,1176,227,1267,82
3385,1174,226,1265,82
3386,1172,225,1263,82
3387,1169,224,1261,82
3388,1167,223,1259,82
3389,1165,223,1257,82
3390,1163,222,1255,82
3391,1161,221,1253,82
3392,1160,221,1251,83
3393,1159,222,1250,84
3394,1157,222,1248,84
3395,1156,223,1247,85
3396,1155,223,1245,86
3397,1154,223,1243,87
3398,1153,224,1242,88
3399,1151,224,1240,88
3400,1150,225,1239,89
3401,1149,225,1237,90
3402,1148,225,1236,91
3403,1147,226,1235,93
3404,1147,226,1235,94
3405,1146,227,1234,96
3406,1145,227,1233,97
3407,1144,227,1232,98
3408,1143,228,1231,100
3409,1143,228,1231,101
3410,1142,229,1230,103
3411,1141,229,1229,104
3412,1141,230,1229,106
3413,1142,232,1228,107
3414,1142,233,1228,109
3415,1143,235,1227,111
3416,1143,236,1227,112
3417,1143,237,1227,114
3418,1144,239,1226,116
3419,1144,240,1226,118
3420,1145,242,1225,119
3421,1145,243,1225,121
3422,1145,244,1225,123
3423,1144,245,1225,125
3424,1144,247,1224,126
3425,1143,248,1224,128
3426,1143,249,1224,130
3427,1143,250,1224,132
3428,1142,251,1224,134
3429,1142,253,1223,135
3430,1141,254,1223,137
3431,1141,255,1223,139
3432,1139,256,1221,141
3433,1138,258,1218,143
3434,1136,260,1216,145
3435,1135,261,1214,147
3436,1133,262,1212,150
3437,1131,264,1209,152
3438,1130,266,1207,154
3439,1128,267,1205,156
3440,1127,268,1202,158
3441,1125,270,1200,160
3442,1124,272,1198,162
3443,1122,274,1196,164
3444,1121,276,1195,167
3445,1120,278,1193,169
3446,1118,280,1191,171
3447,1117,282,1189,173
3448,1116,284,1187,175
3449,1115,286,1186,178
3450,1113,288,1184,180
3451,1112,290,1182,182
3452,1111,292,1181,185
3453,1110,295,1180,187
3454,1109,297,1179,190
3455,1108,299,1178,193
3456,1107,302,1178,196
3457,1106,304,1177,198
3458,1105,306,1176,201
3459,1104,308,1175,204
3460,1103,311,1174,206
3461,1102,313,1173,209
3462,1102,315,1172,212
3463,1102,317,1171,215
3464,1101,320,1169,217
3465,1101,322,1168,220
3466,1101,324,1167,223
3467,1101,326,1166,226
3468,1101,328,1165,229
3469,1100,331,1163,231
3470,1100,333,1162,234
3471,1100,335,1161,237
3472,1099,338,1160,240
3473,1099,341,1160,243
3474,1098,344,1159,246
3475,1098,347,1159,249
3476,1097,350,1158,252
3477,1096,352,1157,254
3478,1096,355,1157,257
3479,1095,358,1156,260
3480,1095,361,1156,263
3481,1094,364,1155,266
3482,1093,367,1154,269
3483,1092,370,1153,273
3484,1090,372,1151,276
3485,1089,375,1150,280
3486,1088,378,1149,283
3487,1087,381,1148,286
3488,1086,384,1147,290
3489,1084,386,1145,293
3490,1083,389,1144,297
3491,1082,392,1143,300
3492,1082,395,1143,304
3493,1082,399,1142,307
3494,1083,402,1142,310
3495,1083,405,1141,314
3496,1083,408,1141,318
3497,1083,412,1141,321
3498,1083,415,1140,324
3499,1084,418,1140,328
3500,1084,422,1139,332
3501,1084,425,1139,335
3502,1085,429,1140,339
3503,1087,432,1142,343
3504,1088,436,1143,347
3505,1090,440,1145,351
3506,1091,444,1146,354
3507,1092,447,1147,358
3508,1094,451,1149,362
3509,1095,455,1150,366
3510,1097,458,1152,370
3511,1098,462,1153,374
3512,1099,465,1153,378
3513,1100,469,1154,382
3514,1100,472,1154,386
3515,1101,476,1155,390
3516,1102,479,1155,394
3517,1103,482,1155,399
3518,1104,486,1156,403
3519,1104,489,1156,407
3520,1105,493,1157,411
3521,1106,496,1157,415
3522,1105,500,1156,420
3523,1103,504,1154,424
3524,1102,508,1153,428
3525,1100,512,1151,433
3526,1099,516,1150,438
3527,1098,521,1149,442
3528,1096,525,1147,446
3529,1095,529,1146,451
3530,1093,533,1144,456
3531,1092,537,1143,460
3532,1090,540,1140,463
3533,1087,543,1137,466
3534,1084,546,1134,470
3535,1082,549,1131,473
3536,1080,552,1128,476
3537,1077,556,1126,479
3538,1074,559,1123,482
3539,1072,562,1120,486
3540,1070,565,1117,489
3541,1067,568,1114,492
3542,1067,566,1113,490
3543,1067,564,1113,488
3544,1066,562,1112,487
3545,1066,560,1112,485
3546,1066,558,1111,483
3547,1066,557,1110,481
3548,1066,555,1110,479
3549,1065,553,1109,478
3550,1065,551,1109,476
3551,1065,549,1108,474
