frame,top_right_x,top_right_y,bottom_left_x,bottom_left_y
1,1096,107,1057,182
2,1095,108,1056,183
3,1094,108,1055,184
4,1094,109,1054,186
5,1093,109,1053,187
6,1092,110,1052,188
7,1091,111,1051,189
8,1090,111,1050,190
9,1090,112,1049,192
10,1089,112,1048,193
11,1088,113,1047,194
12,1087,114,1046,195
13,1086,114,1045,195
14,1086,115,1045,196
15,1085,115,1044,196
16,1084,116,1043,197
17,1083,117,1042,198
18,1082,117,1041,198
19,1082,118,1041,199
20,1081,118,1040,199
21,1080,119,1039,200
22,1079,120,1038,202
23,1078,121,1036,203
24,1077,122,1035,204
25,1076,123,1033,206
26,1076,124,1032,208
27,1075,125,1031,209
28,1074,126,1029,210
29,1073,127,1028,212
30,1072,128,1026,214
31,1071,129,1025,215
32,1070,131,1024,217
33,1068,133,1022,219
34,1067,135,1021,221
35,1065,137,1020,223
36,1064,139,1018,225
37,1063,141,1017,227
38,1061,143,1016,229
39,1060,145,1015,231
40,1058,147,1013,233
41,1057,149,1012,235
42,1055,151,1010,238
43,1054,153,1008,240
44,1052,155,1006,243
45,1051,157,1004,246
46,1049,160,1002,248
47,1047,162,1000,251
48,1046,164,998,254
49,1044,166,996,257
50,1043,168,994,259
51,1041,170,992,262
52,1039,172,990,264
53,1037,174,988,266
54,1035,177,986,269
55,1033,179,984,271
56,1030,181,982,273
57,1028,183,979,275
58,1026,185,977,277
59,1024,188,975,280
60,1022,190,973,282
61,1020,192,971,284
62,1018,194,969,287
63,1016,196,967,290
64,1014,198,965,293
65,1012,200,963,296
66,1010,202,961,300
67,1008,205,959,303
68,1006,207,957,306
69,1004,209,955,309
70,1002,211,953,312
71,1000,213,951,315
72,999,215,950,318
73,999,218,948,320
74,998,220,947,323
75,998,223,945,325
76,997,225,944,328
77,996,227,943,331
78,996,230,941,333
79,995,232,940,336
80,995,235,938,338
81,994,237,937,341
82,995,239,939,343
83,997,241,941,345
84,998,242,942,347
85,1000,244,944,349
86,1001,246,946,350
87,1002,248,948,352
88,1004,250,950,354
89,1005,251,951,356
90,1007,253,953,358
91,1008,255,955,360
92,1008,256,955,362
93,1009,258,955,364
94,1009,259,954,365
95,1010,260,954,367
96,1010,262,954,369
97,1010,263,954,371
98,1011,264,954,373
99,1011,265,953,374
100,1012,267,953,376
101,1012,268,953,378
102,1011,270,952,380
103,1011,271,952,382
104,1010,273,951,383
105,1010,274,951,385
106,1009,276,950,387
107,1008,278,949,389
108,1008,279,949,391
109,1007,281,948,392
110,1007,282,948,394
111,1006,284,947,396
112,1005,286,946,398
113,1004,287,945,400
114,1004,289,944,402
115,1003,290,943,404
116,1002,292,942,406
117,1001,294,941,409
118,1000,295,940,411
119,1000,297,939,413
120,999,298,938,415
121,998,300,937,417
122,997,302,936,419
123,996,303,935,421
124,996,304,933,424
125,995,306,932,426
126,994,308,931,428
127,993,309,930,430
128,992,310,929,432
129,992,312,927,435
130,991,314,926,437
131,990,315,925,439
132,989,317,924,441
133,987,319,922,444
134,986,322,920,446
135,984,324,919,448
136,983,326,918,450
137,982,328,916,453
138,980,330,914,455
139,979,333,913,457
140,977,335,912,460
141,976,337,910,462
142,975,339,908,465
143,973,341,907,468
144,972,343,905,470
145,971,345,904,473
146,970,348,902,476
147,968,350,900,479
148,967,352,899,482
149,966,354,897,484
150,964,356,896,487
151,963,358,894,490
152,962,360,894,492
153,962,362,893,495
154,961,364,893,497
155,961,366,892,499
156,960,368,892,502
157,959,370,892,504
158,959,372,891,506
159,958,374,891,508
160,958,376,890,511
161,957,378,890,513
162,956,381,888,516
163,955,383,887,519
164,954,386,885,521
165,953,388,884,524
166,952,391,882,527
167,951,394,880,530
168,950,396,879,533
169,949,399,877,535
170,948,401,876,538
171,947,404,874,541
172,947,406,874,543
173,946,407,873,545
174,946,409,872,547
175,945,411,872,549
176,945,412,872,550
177,945,414,871,552
178,944,416,870,554
179,944,418,870,556
180,943,419,870,558
181,943,421,869,560
182,945,421,871,560
183,947,421,873,560
184,950,421,875,561
185,952,421,877,561
186,954,421,878,561
187,956,421,880,561
188,958,421,882,561
189,961,421,884,562
190,963,421,886,562
191,965,421,888,562
192,966,420,890,562
193,968,420,892,562
194,969,419,893,562
195,970,419,895,562
196,972,418,897,562
197,973,417,899,562
198,974,417,901,562
199,975,416,902,562
200,977,416,904,562
201,978,415,906,562
202,976,415,903,561
203,973,415,900,561
204,970,414,896,560
205,968,414,893,559
206,966,414,890,558
207,963,414,887,558
208,960,414,884,557
209,958,413,880,556
210,956,413,877,556
211,953,413,874,555
212,950,411,871,553
213,947,409,867,551
214,945,407,864,550
215,942,405,861,548
216,939,404,858,546
217,936,402,854,544
218,933,400,851,542
219,931,398,848,541
220,928,396,844,539
221,925,394,841,537
222,926,392,841,535
223,927,390,842,533
224,929,388,842,530
225,930,386,843,528
226,931,384,843,526
227,932,382,843,524
228,933,380,844,522
229,935,378,844,519
230,936,376,845,517
231,937,374,845,515
232,941,373,849,514
233,946,372,854,513
234,950,371,858,512
235,954,370,862,511
236,958,369,866,510
237,963,368,871,509
238,967,367,875,508
239,971,366,879,507
240,976,365,884,506
241,980,364,888,505
242,983,364,891,505
243,987,363,894,504
244,990,363,898,504
245,994,362,901,504
246,997,362,904,504
247,1000,362,907,503
248,1004,361,910,503
249,1007,361,914,503
250,1011,360,917,502
251,1014,360,920,502
252,1014,360,920,501
253,1015,360,920,500
254,1015,360,921,500
255,1016,360,921,499
256,1016,360,921,498
257,1016,360,921,497
258,1017,360,921,496
259,1017,360,922,496
260,1018,360,922,495
261,1018,360,922,494
262,1019,360,922,493
263,1019,359,923,493
264,1020,358,923,492
265,1021,358,923,492
266,1022,358,924,491
267,1022,357,924,490
268,1023,356,924,490
269,1024,356,924,489
270,1024,356,925,489
271,1025,355,925,488
272,1027,355,926,488
273,1028,354,927,488
274,1030,354,928,487
275,1031,353,929,487
276,1033,353,930,487
277,1035,353,931,487
278,1036,352,932,487
279,1038,352,933,486
280,1039,351,934,486
281,1041,351,935,486
282,1043,352,938,486
283,1046,352,940,486
284,1048,353,943,487
285,1051,354,945,487
286,1053,354,948,487
287,1055,355,951,487
288,1058,356,953,487
289,1060,357,956,488
290,1063,357,958,488
291,1065,358,961,488
292,1068,359,964,488
293,1070,359,966,488
294,1072,360,968,489
295,1075,360,971,489
296,1078,361,974,489
297,1080,362,976,489
298,1082,362,978,489
299,1085,363,981,490
300,1088,363,984,490
301,1090,364,986,490
302,1090,364,985,490
303,1090,365,984,490
304,1089,365,984,491
305,1089,366,983,491
306,1089,366,982,491
307,1089,366,981,491
308,1089,367,980,491
309,1088,367,980,492
310,1088,368,979,492
311,1088,368,978,492
312,1087,369,976,493
313,1086,370,975,494
314,1086,372,974,494
315,1085,373,972,495
316,1084,374,970,496
317,1083,375,969,497
318,1082,376,968,498
319,1082,378,966,498
320,1081,379,964,499
321,1080,380,963,500
322,1079,380,962,500
323,1078,380,961,500
324,1077,381,961,500
325,1076,381,960,500
326,1074,381,959,500
327,1073,381,958,500
328,1072,381,957,500
329,1071,382,957,500
330,1070,382,956,500
331,1069,382,955,500
332,1072,383,958,501
333,1074,384,961,502
334,1077,384,964,503
335,1080,385,967,504
336,1082,386,970,504
337,1085,387,972,505
338,1088,388,975,506
339,1091,388,978,507
340,1093,389,981,508
341,1096,390,984,509
342,1102,392,990,511
343,1108,394,995,513
344,1114,396,1000,515
345,1120,398,1006,517
346,1126,400,1012,519
347,1133,401,1017,521
348,1139,403,1022,523
349,1145,405,1028,525
350,1151,407,1034,527
351,1157,409,1039,529
352,1160,410,1042,531
353,1163,412,1045,532
354,1166,413,1048,534
355,1169,415,1051,535
356,1172,416,1054,537
357,1174,417,1057,539
358,1177,419,1060,540
359,1180,420,1063,542
360,1183,422,1066,543
361,1186,423,1069,545
362,1182,425,1066,547
363,1179,426,1063,549
364,1176,428,1060,551
365,1172,429,1057,553
366,1168,431,1054,554
367,1165,433,1051,556
368,1162,434,1048,558
369,1158,436,1045,560
370,1154,437,1042,562
371,1151,439,1039,564
372,1147,440,1035,565
373,1143,441,1031,566
374,1139,443,1027,566
375,1135,444,1023,567
376,1132,445,1020,568
377,1128,446,1016,569
378,1124,447,1012,570
379,1120,449,1008,570
380,1116,450,1004,571
381,1112,451,1000,572
382,1116,452,1004,573
383,1119,454,1007,575
384,1123,456,1010,576
385,1127,457,1014,578
386,1130,458,1018,579
387,1134,460,1021,580
388,1138,462,1024,582
389,1142,463,1028,583
390,1145,464,1032,585
391,1149,466,1035,586
392,1155,467,1041,587
393,1162,468,1047,588
394,1168,468,1053,588
395,1174,469,1059,589
396,1180,470,1066,590
397,1187,471,1072,591
398,1193,472,1078,592
399,1199,472,1084,592
400,1206,473,1090,593
401,1212,474,1096,594
402,1211,475,1095,595
403,1210,475,1094,595
404,1210,476,1092,596
405,1209,476,1091,596
406,1208,477,1090,597
407,1207,478,1089,598
408,1206,478,1088,598
409,1206,479,1086,599
410,1205,479,1085,599
411,1204,480,1084,600
412,1198,480,1078,600
413,1193,480,1072,600
414,1187,479,1066,600
415,1181,479,1060,600
416,1176,479,1054,600
417,1170,479,1049,600
418,1164,479,1043,600
419,1158,478,1037,600
420,1153,478,1031,600
421,1147,478,1025,600
422,1140,477,1018,598
423,1134,475,1011,596
424,1127,474,1005,595
425,1120,472,998,593
426,1114,471,991,591
427,1107,470,984,589
428,1100,468,977,587
429,1093,467,971,586
430,1087,465,964,584
431,1080,464,957,582
432,1073,463,950,581
433,1066,462,944,581
434,1060,461,937,580
435,1053,460,930,580
436,1046,458,924,579
437,1039,457,917,578
438,1032,456,910,578
439,1026,455,903,577
440,1019,454,897,577
441,1012,453,890,576
442,1009,454,886,577
443,1005,455,883,578
444,1002,456,880,578
445,998,457,876,579
446,995,458,872,580
447,992,458,869,581
448,988,459,866,582
449,985,460,862,582
450,981,461,858,583
451,978,462,855,584
452,976,463,852,585
453,973,464,850,586
454,971,465,847,587
455,969,466,845,588
456,966,467,842,589
457,964,468,839,590
458,962,469,837,591
459,960,470,834,592
460,957,471,832,593
461,955,472,829,594
462,953,473,826,594
463,951,473,824,594
464,948,474,822,595
465,946,474,819,595
466,944,475,816,595
467,942,476,814,595
468,940,476,812,595
469,937,477,809,596
470,935,477,806,596
471,933,478,804,596
472,930,478,803,597
473,928,478,802,597
474,926,478,801,598
475,923,478,800,598
476,920,478,799,599
477,918,478,798,600
478,916,478,797,600
479,913,478,796,601
480,910,478,795,601
481,908,478,794,602
482,908,478,793,602
483,907,478,793,602
484,907,479,792,602
485,906,479,792,602
486,906,479,791,602
487,906,479,790,602
488,905,479,790,602
489,905,480,789,602
490,904,480,789,602
491,904,480,788,602
492,904,480,788,602
493,904,480,788,602
494,905,479,787,601
495,905,479,787,601
496,905,479,787,601
497,905,479,787,601
498,905,479,787,601
499,906,478,786,600
500,906,478,786,600
501,906,478,786,600
502,907,478,787,600
503,907,479,788,600
504,908,479,788,600
505,908,480,789,600
506,909,480,790,600
507,910,480,791,600
508,910,481,792,600
509,911,481,792,600
510,911,482,793,600
511,912,482,794,600
512,914,482,796,600
513,915,482,798,601
514,917,482,800,601
515,919,482,802,602
516,920,482,804,602
517,922,482,806,602
518,924,482,808,603
519,926,482,810,603
520,927,482,812,604
521,929,482,814,604
522,932,482,817,604
523,934,482,820,604
524,937,483,823,604
525,939,483,826,604
526,942,483,828,604
527,945,483,831,605
528,947,483,834,605
529,950,484,837,605
530,952,484,840,605
531,955,484,843,605
532,958,485,846,606
533,961,486,849,606
534,964,486,852,607
535,967,487,855,607
536,970,488,858,608
537,972,489,861,609
538,975,490,864,609
539,978,490,867,610
540,981,491,870,610
541,984,492,873,611
542,987,492,876,612
543,990,493,878,612
544,992,493,880,613
545,995,494,883,613
546,998,494,886,614
547,1001,494,888,615
548,1004,495,890,615
549,1006,495,893,616
550,1009,496,896,616
551,1012,496,898,617
552,1013,497,900,618
553,1014,498,902,618
554,1015,498,904,619
555,1016,499,906,619
556,1017,500,908,620
557,1018,501,910,621
558,1019,502,912,621
559,1020,502,914,622
560,1021,503,916,622
561,1022,504,918,623
562,1024,504,920,623
563,1026,504,921,624
564,1028,504,923,624
565,1030,504,925,625
566,1032,504,926,625
567,1035,505,928,625
568,1037,505,930,626
569,1039,505,932,626
570,1041,505,933,627
571,1043,505,935,627
572,1044,505,937,627
573,1046,505,938,627
574,1047,506,940,628
575,1049,506,941,628
576,1050,506,943,628
577,1051,506,945,628
578,1053,506,946,628
579,1054,507,948,629
580,1056,507,949,629
581,1057,507,951,629
582,1059,507,953,629
583,1060,507,954,629
584,1062,506,956,629
585,1063,506,957,629
586,1065,506,959,629
587,1067,506,961,629
588,1068,506,962,629
589,1070,505,964,629
590,1071,505,965,629
591,1073,505,967,629
592,1075,505,969,629
593,1077,506,971,629
594,1079,506,973,628
595,1081,507,975,628
596,1082,507,978,628
597,1084,507,980,628
598,1086,508,982,628
599,1088,508,984,627
600,1090,509,986,627
601,1092,509,988,627
602,1091,508,988,626
603,1091,507,987,626
604,1090,506,987,625
605,1090,505,986,625
606,1089,504,986,624
607,1088,502,986,623
608,1088,501,985,623
609,1087,500,985,622
610,1087,499,984,622
611,1086,498,984,621
612,1083,498,981,620
613,1080,498,979,619
614,1077,497,976,619
615,1074,497,973,618
616,1072,497,970,617
617,1069,497,968,616
618,1066,497,965,615
619,1063,496,962,615
620,1060,496,960,614
621,1057,496,957,613
622,1055,496,956,613
623,1053,496,954,614
624,1052,495,953,614
625,1050,495,951,615
626,1048,495,950,615
627,1046,495,949,615
628,1044,495,947,616
629,1043,494,946,616
630,1041,494,944,617
631,1039,494,943,617
632,1039,494,943,617
633,1039,494,943,618
634,1039,495,942,618
635,1039,495,942,619
636,1039,495,942,619
637,1039,495,942,619
638,1039,495,942,620
639,1039,496,941,620
640,1039,496,941,621
641,1039,496,941,621
642,1037,497,940,622
643,1036,498,938,622
644,1034,498,937,623
645,1032,499,935,623
646,1030,500,934,624
647,1029,501,933,625
648,1027,502,931,625
649,1025,502,930,626
650,1024,503,928,626
651,1022,504,927,627
652,1020,505,925,628
653,1019,505,924,628
654,1017,506,922,629
655,1016,507,920,629
656,1014,508,918,630
657,1012,508,917,631
658,1011,509,915,631
659,1009,510,913,632
660,1008,510,912,632
661,1006,511,910,633
662,1005,512,909,634
663,1004,512,908,634
664,1002,513,906,635
665,1001,513,905,635
666,1000,514,904,636
667,999,515,903,637
668,998,515,902,637
669,996,516,900,638
670,995,516,899,638
671,994,517,898,639
672,993,517,897,639
673,992,517,897,639
674,990,518,896,640
675,989,518,896,640
676,988,518,895,640
677,987,518,894,640
678,986,518,894,640
679,984,519,893,641
680,983,519,893,641
681,982,519,892,641
682,982,518,892,640
683,982,518,893,640
684,982,517,893,639
685,982,517,894,639
686,982,516,894,638
687,982,515,894,637
688,982,515,895,637
689,982,514,895,636
690,982,514,896,636
691,982,513,896,635
692,982,513,896,635
693,982,513,896,635
694,983,512,896,635
695,983,512,896,635
696,983,512,896,635
697,983,512,896,635
698,983,512,896,635
699,984,511,896,635
700,984,511,896,635
701,984,511,896,635
702,985,510,897,634
703,985,510,898,634
704,986,509,899,633
705,986,509,900,633
706,987,508,901,632
707,988,507,902,631
708,988,507,903,631
709,989,506,904,630
710,989,506,905,630
711,990,505,906,629
712,991,504,906,628
713,992,504,906,627
714,993,504,907,626
715,994,503,907,625
716,995,502,907,624
717,996,502,907,623
718,997,502,907,622
719,998,501,908,621
720,999,500,908,620
721,1000,500,908,619
722,1001,499,909,619
723,1001,498,910,618
724,1002,498,910,618
725,1002,497,911,617
726,1003,496,912,617
727,1004,495,913,617
728,1004,494,914,616
729,1005,494,914,616
730,1005,493,915,615
731,1006,492,916,615
732,1006,492,917,614
733,1007,492,917,614
734,1007,491,918,613
735,1008,491,918,613
736,1008,491,919,612
737,1008,491,920,611
738,1009,491,920,611
739,1009,490,921,610
740,1010,490,921,610
741,1010,490,922,609
742,1009,489,921,609
743,1007,489,920,608
744,1006,488,920,608
745,1004,488,919,607
746,1003,487,918,607
747,1002,486,917,607
748,1000,486,916,606
749,999,485,916,606
750,997,485,915,605
751,996,484,914,605
752,994,484,912,605
753,992,484,909,605
754,989,483,907,605
755,987,483,904,605
756,985,483,902,605
757,983,483,900,605
758,981,483,897,605
759,978,482,895,605
760,976,482,892,605
761,974,482,890,605
762,973,482,889,605
763,972,482,888,605
764,971,481,886,605
765,970,481,885,605
766,968,481,884,604
767,967,481,883,604
768,966,481,882,604
769,965,480,880,604
770,964,480,879,604
771,963,480,878,604
772,964,480,879,604
773,965,480,879,603
774,965,479,880,603
775,966,479,880,602
776,967,479,881,602
777,968,479,882,602
778,969,479,882,601
779,969,478,883,601
780,970,478,883,600
781,971,478,884,600
782,972,478,885,600
783,972,478,886,600
784,973,477,886,601
785,974,477,887,601
786,974,477,888,601
787,975,477,889,601
788,976,477,890,601
789,977,476,890,602
790,977,476,891,602
791,978,476,892,602
792,979,475,893,602
793,980,474,894,601
794,981,474,894,601
795,982,473,895,600
796,983,472,896,600
797,984,471,897,600
798,985,470,898,599
799,986,470,898,599
800,987,469,899,598
801,988,468,900,598
802,988,468,901,597
803,988,469,902,597
804,988,469,902,596
805,988,470,903,596
806,988,470,904,595
807,988,470,905,594
808,988,471,906,594
809,988,471,906,593
810,988,472,907,593
811,988,472,908,592
812,989,472,908,592
813,989,471,909,592
814,990,471,909,592
815,990,470,910,592
816,991,470,910,592
817,992,470,910,592
818,992,469,911,592
819,993,469,911,592
820,993,468,912,592
821,994,468,912,592
822,994,468,912,592
823,995,468,912,592
824,995,467,911,592
825,996,467,911,592
826,996,467,911,592
827,996,467,911,592
828,997,467,911,592
829,997,466,910,592
830,998,466,910,592
831,998,466,910,592
832,998,466,910,592
833,998,466,911,592
834,999,467,911,593
835,999,467,912,593
836,999,467,912,593
837,999,467,912,593
838,999,467,913,593
839,1000,468,913,594
840,1000,468,914,594
841,1000,468,914,594
842,1001,468,914,594
843,1001,468,914,594
844,1002,469,915,595
845,1002,469,915,595
846,1003,469,915,595
847,1004,469,915,595
848,1004,469,915,595
849,1005,470,916,596
850,1005,470,916,596
851,1006,470,916,596
852,1007,470,916,596
853,1007,470,916,596
854,1008,471,916,595
855,1008,471,916,595
856,1009,471,916,595
857,1010,471,916,595
858,1010,471,916,595
859,1011,472,916,594
860,1011,472,916,594
861,1012,472,916,594
862,1012,472,916,594
863,1012,472,917,595
864,1012,471,917,595
865,1012,471,918,596
866,1012,471,918,596
867,1012,471,918,596
868,1012,471,919,597
869,1012,470,919,597
870,1012,470,920,598
871,1012,470,920,598
872,1012,470,920,599
873,1012,470,920,599
874,1011,471,920,600
875,1011,471,920,600
876,1011,471,920,601
877,1011,471,920,602
878,1011,471,920,602
879,1010,472,920,603
880,1010,472,920,603
881,1010,472,920,604
882,1010,472,920,604
883,1010,473,920,605
884,1010,473,919,605
885,1010,474,919,605
886,1010,474,919,606
887,1010,474,919,606
888,1010,475,919,606
889,1010,475,918,606
890,1010,476,918,607
891,1010,476,918,607
892,1010,477,917,607
893,1010,478,917,608
894,1009,479,916,608
895,1009,480,916,609
896,1009,481,915,609
897,1009,482,914,609
898,1009,483,914,610
899,1008,484,913,610
900,1008,485,913,611
901,1008,486,912,611
902,1007,486,911,612
903,1006,486,911,613
904,1006,485,910,613
905,1005,485,910,614
906,1004,485,909,615
907,1003,485,908,616
908,1002,485,908,617
909,1002,484,907,617
910,1001,484,907,618
911,1000,484,906,619
912,1000,485,906,619
913,1000,485,906,620
914,1001,486,906,620
915,1001,486,906,621
916,1001,487,906,621
917,1001,488,906,621
918,1001,488,906,622
919,1002,489,906,622
920,1002,489,906,623
921,1002,490,906,623
922,1001,490,906,624
923,1000,491,905,624
924,1000,491,905,625
925,999,492,904,625
926,998,492,904,626
927,997,492,904,627
928,996,493,903,627
929,996,493,903,628
930,995,494,902,628
931,994,494,902,629
932,994,494,901,629
933,994,495,900,629
934,994,495,900,630
935,994,496,899,630
936,994,496,898,630
937,994,496,897,630
938,994,497,896,630
939,994,497,896,631
940,994,498,895,631
941,994,498,894,631
942,993,498,893,631
943,992,498,891,631
944,990,498,890,632
945,989,498,888,632
946,988,498,887,632
947,987,498,886,632
948,986,498,884,632
949,984,498,883,633
950,983,498,881,633
951,982,498,880,633
952,980,498,879,633
953,979,498,877,634
954,978,499,876,634
955,976,499,875,635
956,974,499,874,635
957,973,499,872,635
958,972,499,871,636
959,970,500,870,636
960,968,500,868,637
961,967,500,867,637
962,966,500,866,637
963,965,500,865,637
964,964,501,863,637
965,963,501,862,637
966,962,501,861,637
967,961,501,860,637
968,960,501,859,637
969,959,502,857,637
970,958,502,856,637
971,957,502,855,637
972,955,502,853,637
973,953,502,851,637
974,952,503,849,638
975,950,503,847,638
976,948,503,845,638
977,946,503,843,638
978,944,503,841,638
979,943,504,839,639
980,941,504,837,639
981,939,504,835,639
982,938,504,834,639
983,937,504,834,639
984,937,503,833,640
985,936,503,833,640
986,935,503,832,640
987,934,503,831,640
988,933,503,831,640
989,933,502,830,641
990,932,502,830,641
991,931,502,829,641
992,930,502,828,641
993,930,502,828,641
994,929,502,827,640
995,929,502,826,640
996,928,502,826,640
997,927,502,825,640
998,927,502,824,640
999,926,502,823,639
1000,926,502,823,639
1001,925,502,822,639
1002,924,502,822,639
1003,924,501,821,639
1004,923,501,821,638
1005,922,500,820,638
1006,922,500,820,638
1007,921,500,820,638
1008,920,499,819,638
1009,919,499,819,637
1010,919,498,818,637
1011,918,498,818,637
1012,917,498,818,637
1013,917,497,817,636
1014,916,497,817,636
1015,916,496,816,635
1016,915,496,816,635
1017,914,496,816,635
1018,914,495,815,634
1019,913,495,815,634
1020,913,494,814,633
1021,912,494,814,633
1022,913,493,815,632
1023,914,493,816,632
1024,914,492,817,631
1025,915,492,818,631
1026,916,491,820,630
1027,917,490,821,629
1028,918,490,822,629
1029,918,489,823,628
1030,919,489,824,628
1031,920,488,825,627
1032,922,488,827,627
1033,925,488,829,627
1034,927,487,831,626
1035,929,487,833,626
1036,932,487,835,626
1037,934,487,837,626
1038,936,487,839,626
1039,938,486,841,625
1040,941,486,843,625
1041,943,486,845,625
1042,944,486,845,625
1043,945,485,846,625
1044,945,485,846,624
1045,946,484,847,624
1046,947,484,847,624
1047,948,484,847,624
1048,949,483,848,624
1049,949,483,848,623
1050,950,482,849,623
1051,951,482,849,623
1052,951,482,850,623
1053,952,481,850,622
1054,952,481,851,622
1055,953,480,851,621
1056,953,480,852,621
1057,953,480,853,621
1058,954,479,853,620
1059,954,479,854,620
1060,955,478,854,619
1061,955,478,855,619
1062,956,478,856,619
1063,957,478,857,619
1064,959,479,859,619
1065,960,479,860,619
1066,961,479,861,619
1067,962,479,862,619
1068,963,479,863,619
1069,965,480,865,619
1070,966,480,866,619
1071,967,480,867,619
1072,968,480,868,619
1073,968,479,869,619
1074,969,479,870,620
1075,970,478,871,620
1076,970,478,872,620
1077,971,478,872,620
1078,972,477,873,620
1079,973,477,874,621
1080,973,476,875,621
1081,974,476,876,621
1082,975,476,877,621
1083,976,476,878,620
1084,977,475,879,620
1085,978,475,880,619
1086,979,475,881,619
1087,980,475,882,619
1088,981,475,883,618
1089,982,474,884,618
1090,983,474,885,617
1091,984,474,886,617
1092,985,474,887,617
1093,986,474,889,617
1094,987,473,890,617
1095,988,473,892,617
1096,989,473,893,617
1097,990,473,894,617
1098,991,473,896,617
1099,992,472,897,617
1100,993,472,899,617
1101,994,472,900,617
1102,995,472,901,617
1103,997,472,902,617
1104,998,472,902,617
1105,1000,472,903,617
1106,1001,472,904,617
1107,1002,472,905,617
1108,1004,472,906,617
1109,1005,472,906,617
1110,1007,472,907,617
1111,1008,472,908,617
1112,1009,472,908,617
1113,1010,472,909,617
1114,1011,471,909,616
1115,1012,471,910,616
1116,1013,471,910,616
1117,1014,471,910,616
1118,1015,471,911,616
1119,1016,470,911,615
1120,1017,470,912,615
1121,1018,470,912,615
1122,1018,470,913,615
1123,1019,470,914,615
1124,1019,470,915,616
1125,1020,470,916,616
1126,1020,470,918,616
1127,1020,470,919,616
1128,1021,470,920,616
1129,1021,470,921,617
1130,1022,470,922,617
1131,1022,470,923,617
1132,1022,470,923,617
1133,1023,471,923,618
1134,1024,471,923,618
1135,1024,472,923,619
1136,1024,472,922,619
1137,1025,472,922,619
1138,1026,473,922,620
1139,1026,473,922,620
1140,1026,474,922,621
1141,1027,474,922,621
1142,1026,475,922,622
1143,1026,475,921,622
1144,1025,476,921,623
1145,1024,476,920,623
1146,1024,477,920,624
1147,1023,478,920,625
1148,1022,478,919,625
1149,1021,479,919,626
1150,1021,479,918,626
1151,1020,480,918,627
1152,1019,480,917,628
1153,1018,480,916,628
1154,1018,481,915,629
1155,1017,481,914,629
1156,1016,481,913,630
1157,1015,481,912,631
1158,1014,481,911,631
1159,1014,482,910,632
1160,1013,482,909,632
1161,1012,482,908,633
1162,1011,482,907,634
1163,1009,483,905,634
1164,1008,483,904,635
1165,1006,484,902,635
1166,1005,484,901,636
1167,1004,484,900,637
1168,1002,485,898,637
1169,1001,485,897,638
1170,999,486,895,638
1171,998,486,894,639
1172,997,487,892,639
1173,996,488,890,640
1174,994,488,888,640
1175,993,489,886,641
1176,992,490,884,641
1177,991,491,881,641
1178,990,492,879,642
1179,988,492,877,642
1180,987,493,875,643
1181,986,494,873,643
1182,984,494,871,644
1183,982,494,869,644
1184,980,494,868,645
1185,978,494,866,645
1186,976,494,864,646
1187,975,494,862,647
1188,973,494,860,647
1189,971,494,859,648
1190,969,494,857,648
1191,967,494,855,649
1192,965,494,853,649
1193,963,494,851,649
1194,962,495,850,649
1195,960,495,848,649
1196,958,495,846,649
1197,956,495,844,649
1198,954,495,842,649
1199,953,496,841,649
1200,951,496,839,649
1201,949,496,837,649
1202,948,496,836,649
1203,947,496,835,650
1204,945,496,835,650
1205,944,496,834,651
1206,943,496,833,651
1207,942,496,832,651
1208,941,496,831,652
1209,939,496,831,652
1210,938,496,830,653
1211,937,496,829,653
1212,937,496,829,652
1213,936,495,828,652
1214,936,495,828,651
1215,935,494,827,651
1216,935,494,827,650
1217,935,494,827,649
1218,934,493,826,649
1219,934,493,826,648
1220,933,492,825,648
1221,933,492,825,647
1222,933,491,824,646
1223,933,490,824,645
1224,932,490,824,645
1225,932,489,823,644
1226,932,488,822,643
1227,932,487,822,642
1228,932,486,822,641
1229,931,486,821,641
1230,931,485,820,640
1231,931,484,820,639
1232,931,483,821,638
1233,931,482,821,637
1234,931,480,822,635
1235,931,479,823,634
1236,931,478,824,633
1237,931,477,824,632
1238,931,476,825,631
1239,931,474,826,629
1240,931,473,826,628
1241,931,472,827,627
1242,932,471,827,626
1243,932,470,827,625
1244,933,468,828,623
1245,933,467,828,622
1246,934,466,828,621
1247,935,465,828,620
1248,935,464,828,619
1249,936,462,829,617
1250,936,461,829,616
1251,937,460,829,615
1252,937,458,830,613
1253,938,457,830,612
1254,938,456,831,610
1255,939,454,831,608
1256,939,452,832,606
1257,939,451,833,605
1258,940,450,833,603
1259,940,448,834,601
1260,941,446,834,600
1261,941,445,835,598
1262,942,444,835,597
1263,943,443,836,596
1264,943,441,836,595
1265,944,440,837,594
1266,945,439,837,593
1267,946,438,837,592
1268,947,437,838,591
1269,947,435,838,590
1270,948,434,839,589
1271,949,433,839,588
1272,950,432,839,587
1273,950,431,840,586
1274,951,429,840,584
1275,951,428,841,583
1276,952,427,841,582
1277,953,426,841,581
1278,953,425,842,580
1279,954,423,842,578
1280,954,422,843,577
1281,955,421,843,576
1282,956,420,844,575
1283,957,419,845,574
1284,957,417,847,572
1285,958,416,848,571
1286,959,415,849,570
1287,960,414,850,569
1288,961,413,851,568
1289,961,411,853,566
1290,962,410,854,565
1291,963,409,855,564
1292,964,408,856,563
1293,965,407,856,562
1294,966,406,857,561
1295,967,405,857,560
1296,968,404,858,560
1297,970,402,859,559
1298,971,401,859,558
1299,972,400,860,557
1300,973,399,860,556
1301,974,398,861,555
1302,975,397,862,554
1303,976,396,864,553
1304,978,395,866,553
1305,979,394,867,552
1306,980,393,868,551
1307,981,392,870,550
1308,982,391,872,549
1309,984,390,873,549
1310,985,389,874,548
1311,986,388,876,547
1312,987,388,878,547
1313,989,388,879,546
1314,990,388,881,546
1315,992,388,882,545
1316,993,388,884,545
1317,994,388,886,545
1318,996,388,887,544
1319,997,388,889,544
1320,999,388,890,543
1321,1000,388,892,543
1322,1002,388,893,543
1323,1003,389,894,544
1324,1005,389,896,544
1325,1006,390,897,545
1326,1008,390,898,545
1327,1010,390,899,545
1328,1011,391,900,546
1329,1013,391,902,546
1330,1014,392,903,547
1331,1016,392,904,547
1332,1017,393,905,548
1333,1017,393,905,549
1334,1018,394,906,549
1335,1019,394,906,550
1336,1020,395,907,551
1337,1020,396,908,552
1338,1021,396,908,553
1339,1022,397,909,553
1340,1022,397,909,554
1341,1023,398,910,555
1342,1023,399,910,555
1343,1023,399,910,556
1344,1024,400,909,556
1345,1024,401,909,556
1346,1024,402,909,556
1347,1024,402,909,557
1348,1024,403,909,557
1349,1025,404,908,557
1350,1025,404,908,558
1351,1025,405,908,558
1352,1025,406,908,559
1353,1025,407,907,560
1354,1024,407,907,560
1355,1024,408,906,561
1356,1024,409,906,562
1357,1024,410,906,563
1358,1024,411,905,564
1359,1023,411,905,564
1360,1023,412,904,565
1361,1023,413,904,566
1362,1022,414,903,567
1363,1021,415,902,568
1364,1020,416,901,570
1365,1019,417,900,571
1366,1018,418,899,572
1367,1016,419,898,573
1368,1015,420,897,574
1369,1014,421,896,576
1370,1013,422,895,577
1371,1012,423,894,578
1372,1011,424,893,579
1373,1010,425,891,580
1374,1008,425,890,580
1375,1007,426,888,581
1376,1006,427,887,582
1377,1005,428,886,583
1378,1004,429,884,584
1379,1002,429,883,584
1380,1001,430,881,585
1381,1000,431,880,586
1382,999,432,878,587
1383,997,433,877,588
1384,996,434,876,590
1385,994,435,874,591
1386,993,436,872,592
1387,992,437,871,593
1388,990,438,870,594
1389,989,439,868,596
1390,987,440,866,597
1391,986,441,865,598
1392,984,441,863,598
1393,982,441,862,599
1394,980,441,860,599
1395,978,441,859,600
1396,976,441,857,600
1397,975,441,855,600
1398,973,441,854,601
1399,971,441,852,601
1400,969,441,851,602
1401,967,441,849,602
1402,966,441,848,602
1403,965,442,848,602
1404,965,442,847,603
1405,964,443,847,603
1406,963,443,846,603
1407,962,443,845,603
1408,961,444,845,603
1409,961,444,844,604
1410,960,445,844,604
1411,959,445,843,604
1412,962,445,846,604
1413,964,445,849,604
1414,967,445,852,604
1415,970,445,855,604
1416,972,445,858,604
1417,975,445,861,605
1418,978,445,864,605
1419,981,445,867,605
1420,983,445,870,605
1421,986,445,873,605
1422,991,445,878,605
1423,996,445,882,605
1424,1001,444,887,605
1425,1006,444,892,605
1426,1012,444,896,604
1427,1017,444,901,604
1428,1022,444,906,604
1429,1027,443,911,604
1430,1032,443,915,604
1431,1037,443,920,604
1432,1040,443,924,603
1433,1044,442,928,603
1434,1047,442,932,602
1435,1051,441,936,602
1436,1054,441,940,601
1437,1057,441,943,600
1438,1061,440,947,600
1439,1064,440,951,599
1440,1068,439,955,599
1441,1071,439,959,598
1442,1072,439,960,598
1443,1074,438,962,597
1444,1076,438,963,597
1445,1077,437,965,596
1446,1078,437,966,596
1447,1080,437,967,596
1448,1082,436,969,595
1449,1083,436,970,595
1450,1084,435,972,594
1451,1086,435,973,594
1452,1086,435,973,593
1453,1085,435,972,593
1454,1085,434,972,592
1455,1084,434,971,592
1456,1084,434,971,591
1457,1084,434,971,590
1458,1083,434,970,590
1459,1083,433,970,589
1460,1082,433,969,589
1461,1082,433,969,588
1462,1080,432,967,587
1463,1079,431,966,587
1464,1078,431,964,586
1465,1076,430,963,586
1466,1074,429,961,585
1467,1073,428,959,584
1468,1072,427,958,584
1469,1070,427,956,583
1470,1068,426,955,583
1471,1067,425,953,582
1472,1065,424,951,581
1473,1062,424,949,580
1474,1060,423,946,579
1475,1057,423,944,578
1476,1055,422,942,577
1477,1053,421,940,576
1478,1050,421,938,575
1479,1048,420,935,574
1480,1045,420,933,573
1481,1043,419,931,572
1482,1040,419,928,572
1483,1037,418,926,572
1484,1034,418,923,571
1485,1031,417,920,571
1486,1028,417,918,571
1487,1024,417,915,571
1488,1021,416,912,571
1489,1018,416,909,570
1490,1015,415,907,570
1491,1012,415,904,570
1492,1009,415,901,569
1493,1006,414,899,569
1494,1003,414,896,568
1495,1000,413,894,568
1496,997,413,891,567
1497,994,413,888,566
1498,991,412,886,566
1499,988,412,883,565
1500,985,411,881,565
1501,982,411,878,564
1502,983,411,878,564
1503,984,411,878,564
1504,984,410,878,565
1505,985,410,878,565
1506,986,410,878,565
1507,987,410,878,565
1508,988,410,878,565
1509,988,409,878,566
1510,989,409,878,566
1511,990,409,878,566
1512,990,409,879,566
1513,990,410,879,567
1514,989,410,880,567
1515,989,411,880,568
1516,989,411,881,568
1517,989,411,882,568
1518,989,412,882,569
1519,988,412,883,569
1520,988,413,883,570
1521,988,413,884,570
1522,987,413,883,570
1523,986,413,882,570
1524,986,413,881,571
1525,985,413,880,571
1526,984,413,879,571
1527,983,413,878,571
1528,982,413,877,571
1529,982,413,876,572
1530,981,413,875,572
1531,980,413,874,572
1532,979,414,872,573
1533,977,414,871,573
1534,976,415,869,574
1535,975,415,867,574
1536,974,416,866,575
1537,972,417,864,576
1538,971,417,862,576
1539,970,418,860,577
1540,968,418,859,577
1541,967,419,857,578
1542,966,419,855,578
1543,964,419,853,579
1544,963,420,851,579
1545,961,420,849,580
1546,960,420,847,580
1547,959,420,845,580
1548,957,420,843,581
1549,956,421,841,581
1550,954,421,839,582
1551,953,421,837,582
1552,951,422,835,582
1553,948,422,833,582
1554,946,423,831,581
1555,943,423,829,581
1556,941,424,828,581
1557,939,425,826,581
1558,936,425,824,581
1559,934,426,822,580
1560,931,426,820,580
1561,929,427,818,580
1562,928,427,817,580
1563,926,427,816,580
1564,925,426,816,580
1565,924,426,815,580
1566,922,426,814,580
1567,921,426,813,580
1568,920,426,812,580
1569,919,425,812,580
1570,917,425,811,580
1571,916,425,810,580
1572,917,425,811,580
1573,919,424,812,580
1574,920,424,814,579
1575,921,423,815,579
1576,922,423,816,579
1577,924,423,817,579
1578,925,422,818,579
1579,926,422,820,578
1580,928,421,821,578
1581,929,421,822,578
1582,930,421,824,578
1583,932,421,825,578
1584,933,421,826,578
1585,935,421,828,578
1586,936,421,830,578
1587,937,421,831,578
1588,939,421,832,578
1589,940,421,834,578
1590,942,421,836,578
1591,943,421,837,578
1592,943,421,838,577
1593,943,420,838,577
1594,944,420,839,576
1595,944,419,839,576
1596,944,419,840,575
1597,944,419,841,574
1598,944,418,841,574
1599,945,418,842,573
1600,945,417,842,573
1601,945,417,843,572
1602,945,417,843,572
1603,946,417,843,572
1604,946,416,843,572
1605,947,416,843,572
1606,947,416,843,572
1607,947,416,843,572
1608,948,416,843,572
1609,948,415,843,572
1610,949,415,843,572
1611,949,415,843,572
1612,949,415,844,572
1613,950,415,844,571
1614,950,415,845,571
1615,951,415,845,570
1616,951,415,846,570
1617,951,415,847,570
1618,952,415,847,569
1619,952,415,848,569
1620,953,415,848,568
1621,953,415,849,568
1622,952,415,848,569
1623,951,415,846,570
1624,950,415,845,571
1625,949,415,843,572
1626,948,415,842,573
1627,947,415,841,574
1628,946,415,839,575
1629,945,415,838,576
1630,944,415,836,577
1631,943,415,835,578
1632,942,415,834,578
1633,941,416,833,578
1634,941,416,831,579
1635,940,417,830,579
1636,939,417,829,579
1637,938,417,828,579
1638,937,418,827,579
1639,937,418,825,580
1640,936,419,824,580
1641,935,419,823,580
1642,934,420,822,580
1643,934,420,822,581
1644,933,421,821,581
1645,933,421,820,582
1646,932,422,820,582
1647,931,423,819,582
1648,931,423,818,583
1649,930,424,817,583
1650,930,424,817,584
1651,929,425,816,584
1652,929,425,816,585
1653,928,425,816,585
1654,928,426,816,586
1655,927,426,816,586
1656,927,426,816,587
1657,927,426,816,588
1658,926,426,816,588
1659,926,427,816,589
1660,925,427,816,589
1661,925,427,816,590
1662,925,428,816,590
1663,925,428,816,590
1664,925,429,816,590
1665,925,429,816,590
1666,925,430,816,590
1667,925,431,816,590
1668,925,431,816,590
1669,925,432,816,590
1670,925,432,816,590
1671,925,433,816,590
1672,925,434,816,590
1673,926,434,816,591
1674,926,435,817,591
1675,927,435,817,592
1676,927,436,817,592
1677,927,437,817,592
1678,928,437,817,593
1679,928,438,818,593
1680,929,438,818,594
1681,929,439,818,594
1682,929,440,818,595
1683,929,440,819,595
1684,930,441,820,596
1685,930,441,820,596
1686,930,442,820,597
1687,930,443,821,598
1688,930,443,822,598
1689,931,444,822,599
1690,931,444,822,599
1691,931,445,823,600
1692,932,445,823,601
1693,933,445,824,601
1694,933,446,824,602
1695,934,446,825,603
1696,935,446,825,604
1697,936,446,825,604
1698,937,446,826,605
1699,937,447,826,606
1700,938,447,827,606
1701,939,447,827,607
1702,940,448,828,607
1703,940,448,829,608
1704,941,449,829,608
1705,941,449,830,609
1706,942,450,831,609
1707,943,451,832,609
1708,943,451,833,610
1709,944,452,833,610
1710,944,452,834,611
1711,945,453,835,611
1712,946,453,836,611
1713,947,453,837,611
1714,947,453,837,612
1715,948,453,838,612
1716,949,453,839,612
1717,950,453,840,612
1718,951,453,841,612
1719,951,453,841,613
1720,952,453,842,613
1721,953,453,843,613
1722,953,454,843,614
1723,953,454,844,614
1724,954,454,844,615
1725,954,455,845,615
1726,954,456,845,616
1727,954,456,845,617
1728,954,456,846,617
1729,955,457,846,618
1730,955,458,847,618
1731,955,458,847,619
1732,955,458,847,619
1733,955,459,846,618
1734,955,459,846,618
1735,955,460,845,617
1736,955,460,845,617
1737,955,460,845,617
1738,955,461,844,616
1739,955,461,844,616
1740,955,462,843,615
1741,955,462,843,615
1742,954,462,842,616
1743,953,463,841,617
1744,952,463,840,619
1745,951,464,839,620
1746,950,464,838,621
1747,949,464,837,622
1748,948,465,836,623
1749,947,465,835,625
1750,946,466,834,626
1751,945,466,833,627
1752,943,467,831,627
1753,942,467,829,628
1754,940,468,827,628
1755,939,468,825,629
1756,937,469,822,629
1757,935,470,820,629
1758,934,470,818,630
1759,932,471,816,630
1760,931,471,814,631
1761,929,472,812,631
1762,926,473,810,632
1763,924,474,808,633
1764,921,474,806,633
1765,918,475,804,634
1766,916,476,802,635
1767,913,477,800,636
1768,910,478,798,637
1769,907,478,796,637
1770,905,479,794,638
1771,902,480,792,639
1772,899,481,789,640
1773,896,481,786,641
1774,893,482,783,641
1775,890,482,780,642
1776,888,483,778,643
1777,885,484,775,644
1778,882,484,772,645
1779,879,485,769,645
1780,876,485,766,646
1781,873,486,763,647
1782,870,487,760,648
1783,867,487,756,649
1784,864,488,753,649
1785,861,488,749,650
1786,858,489,746,651
1787,855,490,743,652
1788,852,490,739,653
1789,849,491,736,653
1790,846,491,732,654
1791,843,492,729,655
1792,840,493,726,656
1793,837,493,723,656
1794,834,494,720,656
1795,831,494,717,657
1796,828,495,714,658
1797,824,496,712,658
1798,821,496,709,658
1799,818,497,706,659
1800,815,497,703,660
1801,812,498,700,660
1802,809,498,696,661
1803,805,499,693,662
1804,802,499,689,662
1805,798,500,685,663
1806,795,500,682,664
1807,792,500,678,665
1808,788,501,674,666
1809,785,501,670,666
1810,781,502,667,667
1811,778,502,663,668
1812,774,502,659,669
1813,771,503,655,669
1814,767,503,651,670
1815,763,503,647,670
1816,760,504,643,671
1817,756,504,639,672
1818,752,504,635,672
1819,748,504,631,673
1820,745,505,627,673
1821,741,505,623,674
1822,739,506,620,674
1823,736,506,618,675
1824,734,507,616,675
1825,732,507,613,676
1826,730,508,610,676
1827,727,509,608,676
1828,725,509,606,677
1829,723,510,603,677
1830,720,510,600,678
1831,718,511,598,678
1832,719,511,600,678
1833,720,512,601,678
1834,721,512,603,679
1835,722,513,604,679
1836,724,513,606,679
1837,725,513,608,679
1838,726,514,609,679
1839,727,514,611,680
1840,728,515,612,680
1841,729,515,614,680
1842,732,515,617,680
1843,735,515,621,680
1844,739,514,624,681
1845,742,514,627,681
1846,745,514,630,681
1847,748,514,634,681
1848,751,514,637,681
1849,755,513,640,682
1850,758,513,644,682
1851,761,513,647,682
1852,766,513,652,682
1853,771,513,658,682
1854,776,512,663,681
1855,781,512,668,681
1856,786,512,674,681
1857,790,512,679,681
1858,795,512,684,681
1859,800,511,689,680
1860,805,511,695,680
1861,810,511,700,680
1862,815,511,704,680
1863,819,511,709,680
1864,824,511,713,679
1865,829,511,717,679
1866,834,511,722,679
1867,838,511,726,679
1868,843,511,730,679
1869,848,511,734,678
1870,852,511,739,678
1871,857,511,743,678
1872,861,510,747,678
1873,864,510,751,678
1874,868,509,755,677
1875,872,508,759,677
1876,876,508,762,677
1877,879,507,766,677
1878,883,506,770,677
1879,887,505,774,676
1880,890,505,778,676
1881,894,504,782,676
1882,896,504,785,675
1883,898,504,788,675
1884,900,503,790,674
1885,902,503,793,674
1886,904,503,796,673
1887,906,503,799,672
1888,908,503,802,672
1889,910,502,804,671
1890,912,502,807,671
1891,914,502,810,670
1892,916,502,812,670
1893,918,502,813,669
1894,920,501,815,669
1895,922,501,817,668
1896,924,501,818,668
1897,925,501,820,668
1898,927,501,822,667
1899,929,500,824,667
1900,931,500,825,666
1901,933,500,827,666
1902,934,499,828,665
1903,935,499,829,665
1904,937,498,831,664
1905,938,498,832,664
1906,939,497,833,663
1907,940,496,834,662
1908,941,496,835,662
1909,943,495,837,661
1910,944,495,838,661
1911,945,494,839,660
1912,946,494,840,660
1913,948,494,842,660
1914,949,494,843,661
1915,951,494,845,661
1916,952,494,846,661
1917,953,494,847,661
1918,955,494,849,661
1919,956,494,850,662
1920,958,494,852,662
1921,959,494,853,662
1922,960,494,854,662
1923,962,494,856,662
1924,964,494,857,661
1925,965,494,859,661
1926,966,494,860,661
1927,968,494,861,661
1928,970,494,863,661
1929,971,494,864,660
1930,972,494,866,660
1931,974,494,867,660
1932,975,494,868,660
1933,977,494,870,660
1934,978,493,872,659
1935,980,493,873,659
1936,981,493,874,659
1937,982,493,876,659
1938,984,493,878,659
1939,985,492,879,658
1940,987,492,880,658
1941,988,492,882,658
1942,989,492,884,658
1943,991,492,885,658
1944,992,493,887,659
1945,994,493,888,659
1946,995,493,890,659
1947,996,493,892,659
1948,998,493,893,659
1949,999,494,895,660
1950,1001,494,896,660
1951,1002,494,898,660
1952,1004,494,899,660
1953,1005,494,900,660
1954,1007,494,902,659
1955,1008,494,903,659
1956,1010,494,904,659
1957,1012,494,905,659
1958,1013,494,906,659
1959,1015,494,908,658
1960,1016,494,909,658
1961,1018,494,910,658
1962,1019,494,911,658
1963,1020,494,912,658
1964,1021,495,912,658
1965,1022,495,913,658
1966,1024,495,914,658
1967,1025,495,915,658
1968,1026,495,916,658
1969,1027,496,916,658
1970,1028,496,917,658
1971,1029,496,918,658
1972,1030,496,919,658
1973,1031,496,920,659
1974,1032,496,921,659
1975,1033,496,922,660
1976,1034,496,922,660
1977,1035,496,923,660
1978,1036,496,924,661
1979,1037,496,925,661
1980,1038,496,926,662
1981,1039,496,927,662
1982,1039,496,928,662
1983,1039,497,928,662
1984,1039,497,929,663
1985,1039,498,929,663
1986,1039,498,930,663
1987,1039,498,931,663
1988,1039,499,931,663
1989,1039,499,932,664
1990,1039,500,932,664
1991,1039,500,933,664
1992,1039,500,933,664
1993,1039,500,934,664
1994,1039,500,934,663
1995,1039,500,935,663
1996,1039,500,935,663
1997,1039,500,935,663
1998,1039,500,936,663
1999,1039,500,936,662
2000,1039,500,937,662
2001,1039,500,937,662
2002,1039,499,936,661
2003,1039,498,936,661
2004,1040,497,935,660
2005,1040,496,935,660
2006,1040,495,934,659
2007,1040,494,933,658
2008,1040,493,933,658
2009,1041,492,932,657
2010,1041,491,932,657
2011,1041,490,931,656
2012,1041,488,931,654
2013,1040,486,930,653
2014,1040,485,930,651
2015,1039,483,929,649
2016,1039,481,929,648
2017,1039,479,929,646
2018,1038,477,928,644
2019,1038,476,928,642
2020,1037,474,927,641
2021,1037,472,927,639
2022,1036,472,926,639
2023,1035,472,926,639
2024,1035,472,926,640
2025,1034,472,925,640
2026,1033,472,924,640
2027,1032,472,924,640
2028,1031,472,924,640
2029,1031,472,923,641
2030,1030,472,922,641
2031,1029,472,922,641
2032,1028,473,921,642
2033,1028,474,920,643
2034,1027,474,919,643
2035,1026,475,918,644
2036,1026,476,917,645
2037,1025,477,916,646
2038,1024,478,915,647
2039,1023,478,914,647
2040,1023,479,913,648
2041,1022,480,912,649
2042,1021,481,910,650
2043,1020,482,909,651
2044,1018,482,907,652
2045,1017,483,906,653
2046,1016,484,904,654
2047,1015,485,902,654
2048,1014,486,901,655
2049,1012,486,899,656
2050,1011,487,898,657
2051,1010,488,896,658
2052,1009,489,895,659
2053,1008,490,893,660
2054,1006,492,892,661
2055,1005,493,890,662
2056,1004,494,889,663
2057,1003,495,888,664
2058,1002,496,886,665
2059,1000,498,885,666
2060,999,499,883,667
2061,998,500,882,668
2062,997,501,881,669
2063,995,502,880,670
2064,994,503,879,672
2065,992,504,878,673
2066,991,504,876,674
2067,990,505,875,675
2068,988,506,874,676
2069,987,507,873,678
2070,985,508,872,679
2071,984,509,871,680
2072,983,510,870,681
2073,982,512,869,683
2074,982,513,867,684
2075,981,515,866,686
2076,980,516,865,687
2077,979,517,864,688
2078,978,519,863,690
2079,978,520,861,691
2080,977,522,860,693
2081,976,523,859,694
2082,975,524,858,695
2083,975,525,857,696
2084,974,526,857,697
2085,973,527,856,698
2086,972,528,855,699
2087,972,529,854,700
2088,971,530,853,701
2089,970,531,853,702
2090,970,532,852,703
2091,969,533,851,704
2092,969,534,851,705
2093,969,534,851,705
2094,968,535,850,706
2095,968,535,850,707
2096,968,536,850,708
2097,968,537,850,708
2098,968,537,850,709
2099,967,538,849,710
2100,967,538,849,710
2101,967,539,849,711
2102,967,539,849,711
2103,967,540,848,711
2104,967,540,848,712
2105,967,541,847,712
2106,967,541,847,712
2107,967,541,847,712
2108,967,542,846,712
2109,967,542,846,713
2110,967,543,845,713
2111,967,543,845,713
2112,967,543,845,713
2113,968,543,846,714
2114,968,544,846,714
2115,969,544,847,715
2116,969,544,847,715
2117,969,544,847,715
2118,970,544,848,716
2119,970,545,848,716
2120,971,545,849,717
2121,971,545,849,717
2122,971,546,849,717
2123,972,547,849,718
2124,972,547,850,718
2125,972,548,850,719
2126,972,549,850,719
2127,973,550,850,719
2128,973,551,850,720
2129,973,551,851,720
2130,974,552,851,721
2131,974,553,851,721
2132,974,554,851,721
2133,974,554,851,722
2134,974,554,850,722
2135,974,555,850,723
2136,974,556,850,723
2137,973,556,850,723
2138,973,556,850,724
2139,973,557,849,724
2140,973,558,849,725
2141,973,558,849,725
2142,973,558,849,725
2143,973,558,848,725
2144,972,557,848,726
2145,972,557,847,726
2146,972,557,847,726
2147,972,557,847,726
2148,972,557,846,726
2149,971,556,846,727
2150,971,556,845,727
2151,971,556,845,727
2152,970,556,845,726
2153,969,555,844,725
2154,969,555,844,725
2155,968,555,843,724
2156,967,554,843,723
2157,966,554,843,722
2158,965,554,842,721
2159,965,554,842,721
2160,964,553,841,720
2161,963,553,841,719
2162,961,552,838,718
2163,960,551,836,717
2164,958,549,834,715
2165,957,548,831,714
2166,955,547,828,713
2167,953,546,826,712
2168,952,545,824,711
2169,950,543,821,709
2170,949,542,818,708
2171,947,541,816,707
2172,945,540,813,706
2173,942,538,810,705
2174,940,537,806,704
2175,937,535,803,703
2176,935,534,800,702
2177,933,533,797,700
2178,930,531,794,699
2179,928,530,790,698
2180,925,528,787,697
2181,923,527,784,696
2182,920,525,781,695
2183,916,524,778,694
2184,913,522,775,692
2185,910,521,772,691
2186,906,519,770,690
2187,903,517,767,689
2188,900,516,764,688
2189,897,514,761,686
2190,893,513,758,685
2191,890,511,755,684
2192,887,509,753,683
2193,884,508,750,681
2194,881,506,748,680
2195,878,504,745,678
2196,874,502,743,677
2197,871,501,741,676
2198,868,499,738,674
2199,865,497,736,673
2200,862,496,733,671
2201,859,494,731,670
2202,856,493,728,669
2203,854,492,726,667
2204,851,491,724,666
2205,849,490,721,664
2206,846,489,718,663
2207,843,488,716,662
2208,841,487,714,660
2209,838,486,711,659
2210,836,485,708,657
2211,833,484,706,656
2212,831,483,704,655
2213,829,483,702,654
2214,827,482,700,653
2215,825,482,698,652
2216,822,481,696,652
2217,820,480,694,651
2218,818,480,692,650
2219,816,479,690,649
2220,814,479,688,648
2221,812,478,686,647
2222,809,477,683,646
2223,807,476,680,645
2224,804,475,677,645
2225,802,474,674,644
2226,799,473,672,643
2227,796,472,669,642
2228,794,471,666,641
2229,791,470,663,641
2230,789,469,660,640
2231,786,468,657,639
2232,784,468,654,639
2233,781,467,651,638
2234,779,467,647,638
2235,777,466,644,637
2236,774,466,641,637
2237,772,466,638,637
2238,770,465,635,636
2239,768,465,631,636
2240,765,464,628,635
2241,763,464,625,635
2242,760,463,623,635
2243,758,462,621,634
2244,755,461,619,634
2245,753,460,617,633
2246,750,458,614,633
2247,747,457,612,633
2248,745,456,610,632
2249,742,455,608,632
2250,740,454,606,631
2251,737,453,604,631
2252,739,452,606,630
2253,741,451,608,628
2254,744,449,610,627
2255,746,448,612,625
2256,748,447,614,624
2257,750,446,617,623
2258,752,445,619,621
2259,755,443,621,620
2260,757,442,623,618
2261,759,441,625,617
2262,761,439,627,615
2263,763,437,630,613
2264,765,434,632,611
2265,767,432,635,609
2266,768,430,637,608
2267,770,428,639,606
2268,772,426,642,604
2269,774,423,644,602
2270,776,421,647,600
2271,778,419,649,598
2272,779,417,650,596
2273,779,416,651,594
2274,780,414,653,591
2275,780,412,654,589
2276,781,410,655,587
2277,782,409,656,585
2278,782,407,657,583
2279,783,405,659,580
2280,783,404,660,578
2281,784,402,661,576
2282,785,400,662,574
2283,786,398,662,573
2284,786,397,663,571
2285,787,395,663,570
2286,788,393,664,568
2287,789,391,665,566
2288,790,389,665,565
2289,790,388,666,563
2290,791,386,666,562
2291,792,384,667,560
2292,792,383,668,559
2293,793,382,668,557
2294,793,381,669,556
2295,794,380,669,555
2296,794,379,670,554
2297,794,378,671,552
2298,795,377,671,551
2299,795,376,672,550
2300,796,375,672,548
2301,796,374,673,547
2302,796,373,673,546
2303,796,373,673,546
2304,797,372,673,545
2305,797,372,673,545
2306,797,371,673,544
2307,797,370,673,543
2308,797,370,673,543
2309,798,369,673,542
2310,798,369,673,542
2311,798,368,673,541
2312,797,367,672,541
2313,796,367,671,541
2314,796,366,671,541
2315,795,366,670,541
2316,794,365,669,541
2317,793,364,668,541
2318,792,364,667,541
2319,792,363,667,541
2320,791,363,666,541
2321,790,362,665,541
2322,789,362,664,540
2323,789,362,662,540
2324,788,361,661,539
2325,788,361,659,539
2326,787,361,658,538
2327,786,361,657,537
2328,786,361,655,537
2329,785,360,654,536
2330,785,360,652,536
2331,784,360,651,535
2332,783,360,650,535
2333,782,360,649,536
2334,781,361,647,536
2335,780,361,646,537
2336,778,361,645,537
2337,777,361,644,537
2338,776,361,643,538
2339,775,362,641,538
2340,774,362,640,539
2341,773,362,639,539
2342,774,362,640,540
2343,774,362,641,540
2344,774,362,642,541
2345,775,362,643,541
2346,776,362,644,542
2347,776,362,645,543
2348,776,362,646,543
2349,777,362,647,544
2350,778,362,648,544
2351,778,362,649,545
2352,778,363,649,546
2353,778,364,649,546
2354,779,364,649,547
2355,779,365,649,547
2356,779,366,649,548
2357,779,367,649,549
2358,779,368,649,549
2359,780,368,649,550
2360,780,369,649,550
2361,780,370,649,551
2362,780,370,649,552
2363,780,371,649,552
2364,780,371,648,553
2365,780,372,648,554
2366,780,372,648,554
2367,780,372,648,555
2368,780,373,648,556
2369,780,373,647,557
2370,780,374,647,557
2371,780,374,647,558
2372,779,375,646,559
2373,779,376,645,560
2374,778,376,644,560
2375,777,377,643,561
2376,776,378,642,562
2377,776,379,641,563
2378,775,380,640,564
2379,774,380,639,564
2380,774,381,638,565
2381,773,382,637,566
2382,775,382,639,566
2383,778,382,642,566
2384,780,383,644,566
2385,782,383,647,566
2386,784,383,649,566
2387,787,383,651,566
2388,789,383,654,566
2389,791,384,656,566
2390,794,384,659,566
2391,796,384,661,566
2392,799,384,664,567
2393,803,384,667,567
2394,806,385,670,568
2395,809,385,673,568
2396,812,385,676,569
2397,816,385,678,570
2398,819,385,681,570
2399,822,386,684,571
2400,826,386,687,571
2401,829,386,690,572
2402,832,387,694,572
2403,835,387,698,573
2404,839,388,702,573
2405,842,388,706,574
2406,845,389,710,574
2407,848,390,713,574
2408,851,390,717,575
2409,855,391,721,575
2410,858,391,725,576
2411,861,392,729,576
2412,865,392,733,576
2413,869,392,737,576
2414,873,391,740,575
2415,877,391,744,575
2416,880,391,748,575
2417,884,391,752,575
2418,888,391,756,575
2419,892,390,759,574
2420,896,390,763,574
2421,900,390,767,574
2422,903,390,771,574
2423,907,390,774,574
2424,910,389,778,573
2425,913,389,782,573
2426,916,389,786,573
2427,920,389,789,573
2428,923,389,793,573
2429,926,388,797,572
2430,930,388,800,572
2431,933,388,804,572
2432,935,388,806,572
2433,937,388,808,572
2434,938,388,809,573
2435,940,388,811,573
2436,942,388,813,573
2437,944,388,815,573
2438,946,388,817,573
2439,947,388,818,574
2440,949,388,820,574
2441,951,388,822,574
2442,952,388,822,574
2443,952,388,823,574
2444,953,388,823,574
2445,953,388,823,574
2446,954,388,824,574
2447,955,388,824,574
2448,955,388,824,574
2449,956,388,824,574
2450,956,388,825,574
2451,957,388,825,574
2452,957,388,825,573
2453,957,388,825,573
2454,957,388,825,572
2455,957,388,825,572
2456,957,388,825,571
2457,957,388,825,570
2458,957,388,825,570
2459,957,388,825,569
2460,957,388,825,569
2461,957,388,825,568
2462,956,388,824,568
2463,956,388,822,569
2464,955,389,821,569
2465,955,389,820,570
2466,954,389,818,570
2467,953,389,817,570
2468,953,389,816,571
2469,952,390,815,571
2470,952,390,813,572
2471,951,390,812,572
2472,949,390,810,572
2473,948,390,809,572
2474,946,390,807,572
2475,945,390,806,572
2476,943,390,804,572
2477,941,390,802,572
2478,940,390,801,572
2479,938,390,799,572
2480,937,390,798,572
2481,935,390,796,572
2482,933,390,794,572
2483,932,390,792,572
2484,930,390,791,572
2485,928,390,789,572
2486,926,390,787,572
2487,925,390,785,572
2488,923,390,783,572
2489,921,390,782,572
2490,920,390,780,572
2491,918,390,778,572
2492,917,390,777,572
2493,916,390,776,572
2494,916,390,775,572
2495,915,390,774,572
2496,914,390,774,572
2497,913,390,773,572
2498,912,390,772,572
2499,912,390,771,572
2500,911,390,770,572
2501,910,390,769,572
2502,912,390,770,572
2503,913,391,772,572
2504,915,391,773,572
2505,917,392,774,572
2506,918,392,776,572
2507,920,392,777,572
2508,922,393,778,572
2509,924,393,779,572
2510,925,394,781,572
2511,927,394,782,572
2512,930,394,785,573
2513,933,394,788,573
2514,936,395,790,574
2515,939,395,793,574
2516,942,395,796,575
2517,945,395,799,576
2518,948,395,802,576
2519,951,396,804,577
2520,954,396,807,577
2521,957,396,810,578
2522,959,397,812,579
2523,961,397,813,580
2524,963,398,814,581
2525,965,398,816,582
2526,968,399,818,583
2527,970,400,819,584
2528,972,400,820,585
2529,974,401,822,586
2530,976,401,824,587
2531,978,402,825,588
2532,979,403,826,588
2533,980,403,828,588
2534,981,404,829,589
2535,982,405,831,589
2536,983,406,832,589
2537,984,406,833,589
2538,985,407,835,589
2539,986,408,836,590
2540,987,408,838,590
2541,988,409,839,590
2542,989,410,840,591
2543,990,411,840,592
2544,990,411,841,594
2545,991,412,841,595
2546,992,413,842,596
2547,993,414,843,597
2548,994,415,843,598
2549,994,415,844,600
2550,995,416,844,601
2551,996,417,845,602
2552,996,418,844,603
2553,996,420,844,605
2554,995,421,843,606
2555,995,423,843,607
2556,995,424,842,608
2557,995,425,841,610
2558,995,427,841,611
2559,994,428,840,612
2560,994,430,840,614
2561,994,431,839,615
2562,992,432,836,616
2563,990,434,834,617
2564,988,435,832,619
2565,986,437,829,620
2566,984,438,826,621
2567,982,439,824,622
2568,980,441,822,623
2569,978,442,819,625
2570,976,444,816,626
2571,974,445,814,627
2572,972,446,811,629
2573,969,448,808,631
2574,966,449,805,634
2575,964,450,802,636
2576,962,452,799,638
2577,959,453,796,640
2578,956,454,793,642
2579,954,455,790,645
2580,952,457,787,647
2581,949,458,784,649
2582,947,460,782,650
2583,946,461,780,652
2584,944,463,778,653
2585,943,464,776,654
2586,941,466,774,656
2587,939,468,773,657
2588,938,469,771,658
2589,936,471,769,659
2590,935,472,767,661
2591,933,474,765,662
2592,933,475,765,663
2593,934,476,765,664
2594,934,477,766,665
2595,935,478,766,666
2596,935,479,766,667
2597,935,480,766,668
2598,936,481,766,669
2599,936,482,767,670
2600,937,483,767,671
2601,937,484,767,672
2602,939,485,769,673
2603,941,485,771,674
2604,942,486,773,676
2605,944,486,775,677
2606,946,487,776,678
2607,948,488,778,679
2608,950,488,780,680
2609,951,489,782,682
2610,953,489,784,683
2611,955,490,786,684
2612,956,490,788,685
2613,957,490,789,685
2614,958,491,791,686
2615,959,491,792,686
2616,960,491,794,687
2617,961,491,796,688
2618,962,491,797,688
2619,963,492,799,689
2620,964,492,800,689
2621,965,492,802,690
2622,966,492,803,690
2623,966,492,803,690
2624,967,493,804,691
2625,967,493,804,691
2626,968,493,805,691
2627,969,493,806,691
2628,969,493,806,691
2629,970,494,807,692
2630,970,494,807,692
2631,971,494,808,692
2632,971,494,809,692
2633,971,494,810,692
2634,972,493,810,691
2635,972,493,811,691
2636,972,493,812,691
2637,972,493,813,691
2638,972,493,814,691
2639,973,492,814,690
2640,973,492,815,690
2641,973,492,816,690
2642,974,492,817,689
2643,975,491,817,689
2644,976,491,818,688
2645,977,490,819,688
2646,978,490,820,687
2647,978,490,820,686
2648,979,489,821,686
2649,980,489,822,685
2650,981,488,822,685
2651,982,488,823,684
2652,983,487,825,683
2653,985,486,827,682
2654,986,485,829,680
2655,988,484,831,679
2656,989,483,833,678
2657,990,482,835,677
2658,992,481,837,676
2659,993,480,839,674
2660,995,479,841,673
2661,996,478,843,672
2662,998,477,845,671
2663,1000,476,846,670
2664,1002,475,848,669
2665,1004,474,849,668
2666,1006,473,851,667
2667,1008,472,853,666
2668,1010,471,854,665
2669,1012,470,856,664
2670,1014,469,857,663
2671,1016,468,859,662
2672,1018,467,861,661
2673,1020,466,862,659
2674,1022,464,864,658
2675,1024,463,866,657
2676,1026,462,868,656
2677,1027,461,869,654
2678,1029,460,871,653
2679,1031,458,873,652
2680,1033,457,874,650
2681,1035,456,876,649
2682,1037,455,878,648
2683,1038,454,881,647
2684,1040,453,883,645
2685,1041,452,886,644
2686,1043,450,888,643
2687,1045,449,890,642
2688,1046,448,893,641
2689,1048,447,895,639
2690,1049,446,898,638
2691,1051,445,900,637
2692,1053,444,901,636
2693,1054,444,902,636
2694,1056,443,904,635
2695,1057,443,905,635
2696,1059,442,906,634
2697,1061,441,907,633
2698,1062,441,908,633
2699,1064,440,910,632
2700,1065,440,911,632
2701,1067,439,912,631
2702,1069,439,913,631
2703,1071,439,914,631
2704,1073,439,915,630
2705,1075,439,916,630
2706,1076,439,917,630
2707,1078,439,918,630
2708,1080,439,919,630
2709,1082,439,920,629
2710,1084,439,921,629
2711,1086,439,922,629
2712,1087,439,924,628
2713,1089,439,926,628
2714,1090,438,928,627
2715,1092,438,930,627
2716,1093,438,932,626
2717,1094,438,935,625
2718,1096,438,937,625
2719,1097,437,939,624
2720,1099,437,941,624
2721,1100,437,943,623
2722,1102,437,945,623
2723,1104,436,947,622
2724,1106,436,949,622
2725,1108,435,951,621
2726,1110,435,953,621
2727,1112,435,955,621
2728,1114,434,957,620
2729,1116,434,959,620
2730,1118,433,961,619
2731,1120,433,963,619
2732,1122,432,964,619
2733,1123,432,966,619
2734,1124,431,967,618
2735,1126,431,968,618
2736,1128,430,970,618
2737,1129,429,971,618
2738,1130,429,972,618
2739,1132,428,973,617
2740,1134,428,975,617
2741,1135,427,976,617
2742,1136,427,977,616
2743,1138,427,979,616
2744,1139,426,980,615
2745,1141,426,982,615
2746,1142,426,983,614
2747,1143,426,984,613
2748,1145,426,986,613
2749,1146,425,987,612
2750,1148,425,989,612
2751,1149,425,990,611
2752,1150,425,990,611
2753,1151,424,990,611
2754,1152,424,991,610
2755,1153,423,991,610
2756,1154,423,991,610
2757,1155,423,991,610
2758,1156,422,991,610
2759,1157,422,992,609
2760,1158,421,992,609
2761,1159,421,992,609
2762,1159,421,992,608
2763,1159,420,992,608
2764,1159,420,992,607
2765,1159,419,992,606
2766,1159,419,992,606
2767,1159,419,992,605
2768,1159,418,992,604
2769,1159,418,992,603
2770,1159,417,992,603
2771,1159,417,992,602
2772,1158,417,991,602
2773,1158,417,990,602
2774,1157,416,990,601
2775,1157,416,989,601
2776,1156,416,988,601
2777,1155,416,987,601
2778,1155,416,986,601
2779,1154,415,986,600
2780,1154,415,985,600
2781,1153,415,984,600
2782,1152,415,982,600
2783,1150,415,980,600
2784,1149,414,978,600
2785,1147,414,976,600
2786,1146,414,974,600
2787,1145,414,973,600
2788,1143,414,971,600
2789,1142,413,969,600
2790,1140,413,967,600
2791,1139,413,965,600
2792,1137,413,963,600
2793,1135,413,962,600
2794,1133,414,960,600
2795,1131,414,959,600
2796,1130,414,957,600
2797,1128,414,955,600
2798,1126,414,954,600
2799,1124,415,952,600
2800,1122,415,951,600
2801,1120,415,949,600
2802,1117,415,946,600
2803,1115,415,943,600
2804,1112,415,940,600
2805,1110,415,937,600
2806,1107,415,934,600
2807,1104,415,930,600
2808,1102,415,927,600
2809,1099,415,924,600
2810,1097,415,921,600
2811,1094,415,918,600
2812,1092,415,916,600
2813,1089,415,913,601
2814,1086,415,911,601
2815,1084,415,908,602
2816,1082,415,906,602
2817,1079,415,904,602
2818,1076,415,901,603
2819,1074,415,899,603
2820,1072,415,896,604
2821,1069,415,894,604
2822,1066,415,891,604
2823,1064,415,888,604
2824,1061,415,885,604
2825,1059,415,882,604
2826,1056,415,880,604
2827,1053,415,877,605
2828,1051,415,874,605
2829,1048,415,871,605
2830,1046,415,868,605
2831,1043,415,865,605
2832,1040,415,863,604
2833,1037,414,861,604
2834,1034,414,859,603
2835,1031,413,857,602
2836,1028,413,855,602
2837,1024,413,853,601
2838,1021,412,851,600
2839,1018,412,849,599
2840,1015,411,847,599
2841,1012,411,845,598
2842,1010,410,843,597
2843,1007,410,841,596
2844,1005,409,838,596
2845,1002,409,836,595
2846,1000,408,834,594
2847,998,407,832,593
2848,995,407,830,592
2849,993,406,827,592
2850,990,406,825,591
2851,988,405,823,590
2852,986,404,821,589
2853,983,403,819,588
2854,980,402,817,587
2855,978,401,815,586
2856,976,400,814,585
2857,973,398,812,584
2858,970,397,810,583
2859,968,396,808,582
2860,966,395,806,581
2861,963,394,804,580
2862,962,393,802,579
2863,961,392,801,578
2864,960,392,799,577
2865,959,391,798,576
2866,958,390,796,575
2867,957,389,794,574
2868,956,388,793,573
2869,955,388,791,572
2870,954,387,790,571
2871,953,386,788,570
2872,953,385,788,569
2873,954,384,789,568
2874,954,384,789,568
2875,955,383,790,567
2876,955,382,790,566
2877,955,381,790,565
2878,956,380,791,564
2879,956,380,791,564
2880,957,379,792,563
2881,957,378,792,562
2882,960,377,795,561
2883,962,375,798,559
2884,965,374,801,558
2885,968,372,804,557
2886,970,371,808,556
2887,973,370,811,554
2888,976,368,814,553
2889,979,367,817,552
2890,981,365,820,550
2891,984,364,823,549
2892,986,363,826,548
2893,988,362,829,547
2894,990,361,832,545
2895,992,360,835,544
2896,994,358,838,543
2897,996,357,841,542
2898,998,356,844,541
2899,1000,355,847,539
2900,1002,354,850,538
2901,1004,353,853,537
2902,1004,352,853,536
2903,1004,351,852,535
2904,1004,351,852,534
2905,1004,350,851,533
2906,1004,349,851,532
2907,1004,348,851,531
2908,1004,347,850,530
2909,1004,347,850,529
2910,1004,346,849,528
2911,1004,345,849,527
2912,1004,344,849,526
2913,1004,344,849,526
2914,1005,343,849,525
2915,1005,343,849,525
2916,1005,342,849,524
2917,1005,341,849,523
2918,1005,341,849,523
2919,1006,340,849,522
2920,1006,340,849,522
2921,1006,339,849,521
2922,1006,339,849,521
2923,1006,339,849,520
2924,1006,339,850,520
2925,1006,339,850,519
2926,1006,339,850,519
2927,1006,339,850,519
2928,1006,339,850,518
2929,1006,339,851,518
2930,1006,339,851,517
2931,1006,339,851,517
2932,1007,339,852,516
2933,1008,338,853,516
2934,1008,338,855,515
2935,1009,337,856,515
2936,1010,337,857,514
2937,1011,337,858,513
2938,1012,336,859,513
2939,1012,336,861,512
2940,1013,335,862,512
2941,1014,335,863,511
2942,1013,335,862,511
2943,1012,335,861,511
2944,1012,334,859,510
2945,1011,334,858,510
2946,1010,334,857,510
2947,1009,334,856,510
2948,1008,334,855,510
2949,1008,333,853,509
2950,1007,333,852,509
2951,1006,333,851,509
2952,1008,333,852,509
2953,1009,334,853,509
2954,1011,334,854,509
2955,1012,335,855,509
2956,1014,335,856,509
2957,1016,335,857,509
2958,1017,336,858,509
2959,1019,336,859,509
2960,1020,337,860,509
2961,1022,337,861,509
2962,1026,337,865,509
2963,1031,338,869,510
2964,1035,338,873,510
2965,1039,339,877,511
2966,1044,339,882,511
2967,1048,339,886,511
2968,1052,340,890,512
2969,1056,340,894,512
2970,1061,341,898,513
2971,1065,341,902,513
2972,1070,342,907,514
2973,1075,343,911,515
2974,1080,345,916,517
2975,1085,346,921,518
2976,1090,347,926,519
2977,1094,348,930,520
2978,1099,349,935,521
2979,1104,351,940,523
2980,1109,352,944,524
2981,1114,353,949,525
2982,1116,354,951,527
2983,1118,355,952,528
2984,1120,356,954,530
2985,1122,357,955,531
2986,1124,358,957,533
2987,1127,360,959,535
2988,1129,361,960,536
2989,1131,362,962,538
2990,1133,363,963,539
2991,1135,364,965,541
2992,1135,366,964,543
2993,1134,368,964,545
2994,1134,370,963,547
2995,1133,372,963,549
2996,1133,374,962,552
2997,1133,376,961,554
2998,1132,378,961,556
2999,1132,380,960,558
3000,1131,382,960,560
3001,1131,384,959,562
3002,1130,385,959,564
3003,1130,386,958,565
3004,1129,388,958,567
3005,1129,389,957,568
3006,1128,390,957,570
3007,1127,391,957,572
3008,1127,392,956,573
3009,1126,394,956,575
3010,1126,395,955,576
3011,1125,396,955,578
3012,1126,398,956,580
3013,1127,400,957,582
3014,1128,402,958,583
3015,1129,404,959,585
3016,1130,406,960,587
3017,1131,409,961,589
3018,1132,411,962,591
3019,1133,413,963,592
3020,1134,415,964,594
3021,1135,417,965,596
3022,1136,419,965,598
3023,1137,421,966,601
3024,1137,424,966,604
3025,1138,426,967,606
3026,1139,428,967,608
3027,1140,430,967,611
3028,1141,432,968,614
3029,1141,435,968,616
3030,1142,437,969,618
3031,1143,439,969,621
3032,1142,441,968,623
3033,1141,444,966,625
3034,1141,446,965,628
3035,1140,448,963,630
3036,1139,450,962,632
3037,1138,453,961,634
3038,1137,455,959,636
3039,1137,457,958,639
3040,1136,460,956,641
3041,1135,462,955,643
3042,1132,463,952,645
3043,1130,465,949,647
3044,1127,466,947,649
3045,1124,468,944,651
3046,1122,469,941,654
3047,1119,470,938,656
3048,1116,472,935,658
3049,1113,473,933,660
3050,1111,475,930,662
3051,1108,476,927,664
3052,1105,478,925,666
3053,1102,480,922,668
3054,1100,481,920,671
3055,1097,483,918,673
3056,1094,485,916,675
3057,1091,487,913,677
3058,1088,489,911,679
3059,1086,490,909,682
3060,1083,492,906,684
3061,1080,494,904,686
3062,1080,495,904,687
3063,1080,497,904,689
3064,1080,498,905,690
3065,1080,499,905,692
3066,1080,500,905,693
3067,1080,502,905,694
3068,1080,503,905,696
3069,1080,504,906,697
3070,1080,506,906,699
3071,1080,507,906,700
3072,1078,506,905,699
3073,1077,506,904,698
3074,1075,505,903,696
3075,1073,504,902,695
3076,1072,504,901,694
3077,1070,503,900,693
3078,1068,502,899,692
3079,1066,501,898,690
3080,1065,501,897,689
3081,1063,500,896,688
3082,1059,499,893,687
3083,1055,498,889,686
3084,1052,497,886,685
3085,1048,496,883,684
3086,1044,495,880,683
3087,1040,494,876,682
3088,1036,493,873,681
3089,1033,492,870,680
3090,1029,491,866,679
3091,1025,490,863,678
3092,1022,489,859,677
3093,1018,488,855,676
3094,1014,486,852,675
3095,1011,485,848,674
3096,1008,484,844,673
3097,1004,483,840,672
3098,1000,482,836,671
3099,997,480,833,670
3100,994,479,829,669
3101,990,478,825,668
3102,987,477,822,667
3103,985,477,820,666
3104,982,476,818,664
3105,979,476,815,663
3106,976,475,812,662
3107,974,474,810,661
3108,971,474,808,660
3109,968,473,805,658
3110,966,473,802,657
3111,963,472,800,656
3112,962,471,799,655
3113,961,469,799,655
3114,959,468,798,654
3115,958,466,798,653
3116,957,465,797,652
3117,956,464,796,652
3118,955,462,796,651
3119,953,461,795,650
3120,952,459,795,650
3121,951,458,794,649
3122,950,458,793,648
3123,950,457,792,647
3124,949,456,792,647
3125,949,456,791,646
3126,948,456,790,645
3127,947,455,789,644
3128,947,454,788,643
3129,946,454,788,643
3130,946,454,787,642
3131,945,453,786,641
3132,945,452,786,640
3133,945,452,786,639
3134,945,451,785,638
3135,945,451,785,637
3136,945,450,785,636
3137,945,449,785,635
3138,945,449,785,634
3139,945,448,784,633
3140,945,448,784,632
3141,945,447,784,631
3142,946,446,785,631
3143,947,446,786,631
3144,947,445,787,630
3145,948,445,788,630
3146,949,444,789,630
3147,950,443,790,630
3148,951,443,791,630
3149,951,442,792,629
3150,952,442,793,629
3151,953,441,794,629
3152,953,440,794,628
3153,954,440,795,627
3154,954,439,795,627
3155,955,439,796,626
3156,955,438,796,625
3157,955,437,796,624
3158,956,437,797,623
3159,956,436,797,623
3160,957,436,798,622
3161,957,435,798,621
3162,955,435,797,621
3163,954,435,796,620
3164,952,435,794,620
3165,951,435,793,619
3166,949,435,792,619
3167,947,435,791,619
3168,946,435,790,618
3169,944,435,788,618
3170,943,435,787,617
3171,941,435,786,617
3172,938,434,783,616
3173,935,433,780,616
3174,932,432,777,615
3175,929,431,774,615
3176,926,430,770,614
3177,922,429,767,613
3178,919,428,764,613
3179,916,427,761,612
3180,913,426,758,612
3181,910,425,755,611
3182,908,424,753,610
3183,906,423,751,610
3184,903,422,749,609
3185,901,421,747,608
3186,899,420,745,608
3187,897,419,743,607
3188,895,418,741,606
3189,892,417,739,605
3190,890,416,737,605
3191,888,415,735,604
3192,887,414,735,603
3193,886,413,735,602
3194,884,412,734,600
3195,883,411,734,599
3196,882,410,734,598
3197,881,408,734,597
3198,880,407,734,596
3199,878,406,733,594
3200,877,405,733,593
3201,876,404,733,592
3202,876,403,733,591
3203,875,402,733,590
3204,874,400,734,588
3205,874,399,734,587
3206,874,398,734,586
3207,873,397,734,585
3208,872,396,734,584
3209,872,394,735,582
3210,872,393,735,581
3211,871,392,735,580
3212,871,391,736,579
3213,872,390,737,578
3214,872,388,738,576
3215,872,387,739,575
3216,872,386,740,574
3217,873,385,741,573
3218,873,384,742,572
3219,873,382,743,570
3220,874,381,744,569
3221,874,380,745,568
3222,874,379,745,568
3223,874,378,745,567
3224,874,378,745,567
3225,874,377,745,566
3226,874,376,745,566
3227,874,375,745,566
3228,874,374,745,565
3229,874,374,745,565
3230,874,373,745,564
3231,874,372,745,564
3232,875,372,746,563
3233,875,372,747,563
3234,876,372,747,562
3235,876,372,748,562
3236,877,372,749,561
3237,878,372,750,560
3238,878,372,751,560
3239,879,372,751,559
3240,879,372,752,559
3241,880,372,753,558
3242,881,372,754,558
3243,882,371,755,557
3244,882,371,757,557
3245,883,370,758,557
3246,884,370,759,556
3247,885,370,760,556
3248,886,369,761,556
3249,886,369,763,556
3250,887,368,764,555
3251,888,368,765,555
3252,890,368,768,555
3253,892,367,771,555
3254,895,367,774,554
3255,897,366,777,554
3256,899,366,780,554
3257,901,366,782,554
3258,903,365,785,554
3259,906,365,788,553
3260,908,364,791,553
3261,910,364,794,553
3262,914,363,798,553
3263,918,363,803,552
3264,922,362,807,552
3265,926,362,811,551
3266,930,361,816,551
3267,933,360,820,551
3268,937,360,824,550
3269,941,359,828,550
3270,945,359,833,549
3271,949,358,837,549
3272,954,357,843,548
3273,960,356,848,547
3274,966,355,854,546
3275,971,354,860,545
3276,976,354,866,544
3277,982,353,871,543
3278,988,352,877,542
3279,993,351,883,541
3280,998,350,888,540
3281,1004,349,894,539
3282,1011,348,901,538
3283,1019,347,909,536
3284,1026,345,916,535
3285,1034,344,923,533
3286,1041,343,930,532
3287,1048,342,938,531
3288,1056,341,945,529
3289,1063,339,952,528
3290,1071,338,960,526
3291,1078,337,967,525
3292,1087,335,976,523
3293,1095,333,985,521
3294,1104,332,995,519
3295,1113,330,1004,517
3296,1122,328,1013,515
3297,1130,326,1022,513
3298,1139,324,1031,511
3299,1148,323,1041,509
3300,1156,321,1050,507
3301,1165,319,1059,505
3302,1176,317,1069,503
3303,1186,314,1080,500
3304,1197,312,1090,498
3305,1207,310,1101,496
3306,1218,308,1111,494
3307,1229,305,1121,491
3308,1239,303,1132,489
3309,1250,301,1142,487
3310,1260,298,1153,484
3311,1271,296,1163,482
3312,1281,294,1173,479
3313,1291,291,1183,476
3314,1302,289,1194,473
3315,1312,286,1204,470
3316,1322,284,1214,468
3317,1332,282,1224,465
3318,1342,279,1234,462
3319,1353,277,1245,459
3320,1363,274,1255,456
3321,1373,272,1265,453
3322,1383,270,1275,451
3323,1392,269,1285,449
3324,1402,267,1294,447
3325,1411,266,1304,445
3326,1421,264,1314,443
3327,1431,262,1324,441
3328,1440,261,1334,439
3329,1450,259,1343,437
3330,1459,258,1353,435
3331,1469,256,1363,433
3332,1474,252,1368,429
3333,1480,249,1374,425
3334,1485,246,1380,421
3335,1490,242,1385,417
3336,1496,238,1390,412
3337,1501,235,1396,408
3338,1506,232,1402,404
3339,1511,228,1407,400
3340,1517,224,1412,396
3341,1522,221,1418,392
3342,1519,214,1416,385
3343,1517,207,1414,377
3344,1514,200,1411,370
3345,1512,193,1409,363
3346,1509,186,1407,356
3347,1506,179,1405,348
3348,1504,172,1403,341
3349,1501,165,1400,334
3350,1499,158,1398,326
3351,1496,151,1396,319
3352,1486,147,1387,314
3353,1476,143,1378,308
3354,1466,138,1368,303
3355,1456,134,1359,298
3356,1446,130,1350,292
3357,1436,126,1341,287
3358,1426,122,1332,282
3359,1416,117,1322,277
3360,1406,113,1313,271
3361,1396,109,1304,266
3362,1388,107,1296,263
3363,1379,105,1289,261
3364,1371,103,1281,258
3365,1362,101,1273,255
3366,1354,100,1266,252
3367,1346,98,1258,250
3368,1337,96,1250,247
3369,1329,94,1242,244
3370,1320,92,1235,242
3371,1312,90,1227,239
3372,1308,89,1222,238
3373,1304,88,1218,237
3374,1300,88,1214,236
3375,1296,87,1209,235
3376,1292,86,1204,234
3377,1289,85,1200,233
3378,1285,84,1196,232
3379,1281,84,1191,231
3380,1277,83,1186,230
3381,1273,82,1182,229
3382,1271,82,1180,228
3383,1269,82,1178,227
3384,1267,82,1176,227
3385,1265,82,1174,226
3386,1263,82,1172,225
3387,1261,82,1169,224
3388,1259,82,1167,223
3389,1257,82,1165,223
3390,1255,82,1163,222
3391,1253,82,1161,221
3392,1251,83,1160,221
3393,1250,84,1159,222
3394,1248,84,1157,222
3395,1247,85,1156,223
3396,1245,86,1155,223
3397,1243,87,1154,223
3398,1242,88,1153,224
3399,1240,88,1151,224
3400,1239,89,1150,225
3401,1237,90,1149,225
3402,1236,91,1148,225
3403,1235,93,1147,226
3404,1235,94,1147,226
3405,1234,96,1146,227
3406,1233,97,1145,227
3407,1232,98,1144,227
3408,1231,100,1143,228
3409,1231,101,1143,228
3410,1230,103,1142,229
3411,1229,104,1141,229
3412,1229,106,1141,230
3413,1228,107,1142,232
3414,1228,109,1142,233
3415,1227,111,1143,235
3416,1227,112,1143,236
3417,1227,114,1143,237
3418,1226,116,1144,239
3419,1226,118,1144,240
3420,1225,119,1145,242
3421,1225,121,1145,243
3422,1225,123,1145,244
3423,1225,125,1144,245
3424,1224,126,1144,247
3425,1224,128,1143,248
3426,1224,130,1143,249
3427,1224,132,1143,250
3428,1224,134,1142,251
3429,1223,135,1142,253
3430,1223,137,1141,254
3431,1223,139,1141,255
3432,1221,141,1139,256
3433,1218,143,1138,258
3434,1216,145,1136,260
3435,1214,147,1135,261
3436,1212,150,1133,262
3437,1209,152,1131,264
3438,1207,154,1130,266
3439,1205,156,1128,267
3440,1202,158,1127,268
3441,1200,160,1125,270
3442,1198,162,1124,272
3443,1196,164,1122,274
3444,1195,167,1121,276
3445,1193,169,1120,278
3446,1191,171,1118,280
3447,1189,173,1117,282
3448,1187,175,1116,284
3449,1186,178,1115,286
3450,1184,180,1113,288
3451,1182,182,1112,290
3452,1181,185,1111,292
3453,1180,187,1110,295
3454,1179,190,1109,297
3455,1178,193,1108,299
3456,1178,196,1107,302
3457,1177,198,1106,304
3458,1176,201,1105,306
3459,1175,204,1104,308
3460,1174,206,1103,311
3461,1173,209,1102,313
3462,1172,212,1102,315
3463,1171,215,1102,317
3464,1169,217,1101,320
3465,1168,220,1101,322
3466,1167,223,1101,324
3467,1166,226,1101,326
3468,1165,229,1101,328
3469,1163,231,1100,331
3470,1162,234,1100,333
3471,1161,237,1100,335
3472,1160,240,1099,338
3473,1160,243,1099,341
3474,1159,246,1098,344
3475,1159,249,1098,347
3476,1158,252,1097,350
3477,1157,254,1096,352
3478,1157,257,1096,355
3479,1156,260,1095,358
3480,1156,263,1095,361
3481,1155,266,1094,364
3482,1154,269,1093,367
3483,1153,273,1092,370
3484,1151,276,1090,372
3485,1150,280,1089,375
3486,1149,283,1088,378
3487,1148,286,1087,381
3488,1147,290,1086,384
3489,1145,293,1084,386
3490,1144,297,1083,389
3491,1143,300,1082,392
3492,1143,304,1082,395
3493,1142,307,1082,399
3494,1142,310,1083,402
3495,1141,314,1083,405
3496,1141,318,1083,408
3497,1141,321,1083,412
3498,1140,324,1083,415
3499,1140,328,1084,418
3500,1139,332,1084,422
3501,1139,335,1084,425
3502,1140,339,1085,429
3503,1142,343,1087,432
3504,1143,347,1088,436
3505,1145,351,1090,440
3506,1146,354,1091,444
3507,1147,358,1092,447
3508,1149,362,1094,451
3509,1150,366,1095,455
3510,1152,370,1097,458
3511,1153,374,1098,462
3512,1153,378,1099,465
3513,1154,382,1100,469
3514,1154,386,1100,472
3515,1155,390,1101,476
3516,1155,394,1102,479
3517,1155,399,1103,482
3518,1156,403,1104,486
3519,1156,407,1104,489
3520,1157,411,1105,493
3521,1157,415,1106,496
3522,1156,420,1105,500
3523,1154,424,1103,504
3524,1153,428,1102,508
3525,1151,433,1100,512
3526,1150,438,1099,516
3527,1149,442,1098,521
3528,1147,446,1096,525
3529,1146,451,1095,529
3530,1144,456,1093,533
3531,1143,460,1092,537
3532,1140,463,1090,540
3533,1137,466,1087,543
3534,1134,470,1084,546
3535,1131,473,1082,549
3536,1128,476,1080,552
3537,1126,479,1077,556
3538,1123,482,1074,559
3539,1120,486,1072,562
3540,1117,489,1070,565
3541,1114,492,1067,568
3542,1113,490,1067,566
3543,1113,488,1067,564
3544,1112,487,1066,562
3545,1112,485,1066,560
3546,1111,483,1066,558
3547,1110,481,1066,557
3548,1110,479,1066,555
3549,1109,478,1065,553
3550,1109,476,1065,551
3551,1108,474,1065,549
